filename,category
Normal-1484.png,Normal
Normal-1682.png,Normal
Normal-7064.png,Normal
COVID-620.png,COVID
Normal-9780.png,Normal
Normal-2511.png,Normal
COVID-687.png,COVID
Normal-9312.png,Normal
Normal-7194.png,Normal
Normal-6532.png,Normal
COVID-2887.png,COVID
Viral Pneumonia-637.png,Viral Pneumonia
Normal-772.png,Normal
Normal-422.png,Normal
Normal-9801.png,Normal
Normal-2448.png,Normal
Normal-8305.png,Normal
Normal-726.png,Normal
Normal-6984.png,Normal
COVID-1349.png,COVID
COVID-499.png,COVID
Viral Pneumonia-601.png,Viral Pneumonia
Normal-3124.png,Normal
Normal-7745.png,Normal
Normal-5652.png,Normal
COVID-2566.png,COVID
COVID-212.png,COVID
Normal-7597.png,Normal
Normal-2594.png,Normal
Normal-5434.png,Normal
Normal-9645.png,Normal
Normal-7635.png,Normal
Normal-9797.png,Normal
COVID-3246.png,COVID
Normal-9259.png,Normal
COVID-2655.png,COVID
Normal-3846.png,Normal
Normal-5600.png,Normal
Normal-8913.png,Normal
Normal-746.png,Normal
Normal-4681.png,Normal
COVID-1842.png,COVID
Normal-2270.png,Normal
Viral Pneumonia-474.png,Viral Pneumonia
Normal-3508.png,Normal
Normal-5910.png,Normal
Normal-1151.png,Normal
Normal-2038.png,Normal
Normal-1688.png,Normal
Normal-6249.png,Normal
Normal-1860.png,Normal
Normal-5140.png,Normal
Viral Pneumonia-1292.png,Viral Pneumonia
COVID-1174.png,COVID
Normal-5486.png,Normal
Normal-8479.png,Normal
Normal-2017.png,Normal
Normal-1402.png,Normal
Normal-2411.png,Normal
Normal-708.png,Normal
Normal-3868.png,Normal
COVID-2842.png,COVID
Normal-4013.png,Normal
COVID-332.png,COVID
COVID-2656.png,COVID
Normal-693.png,Normal
Normal-132.png,Normal
Normal-8885.png,Normal
Normal-1279.png,Normal
Normal-2946.png,Normal
Normal-7168.png,Normal
Normal-1991.png,Normal
Normal-6636.png,Normal
Normal-7643.png,Normal
Normal-607.png,Normal
Normal-681.png,Normal
Normal-5670.png,Normal
Normal-9557.png,Normal
Normal-7885.png,Normal
Normal-1800.png,Normal
COVID-3336.png,COVID
Normal-7387.png,Normal
Normal-6234.png,Normal
Normal-1352.png,Normal
Normal-3396.png,Normal
COVID-1517.png,COVID
COVID-415.png,COVID
Normal-8743.png,Normal
Normal-8610.png,Normal
Normal-10113.png,Normal
Normal-9802.png,Normal
Normal-4708.png,Normal
Normal-3594.png,Normal
Normal-8573.png,Normal
Normal-373.png,Normal
Normal-3884.png,Normal
Normal-1071.png,Normal
COVID-383.png,COVID
Normal-7521.png,Normal
Viral Pneumonia-1105.png,Viral Pneumonia
COVID-1267.png,COVID
Normal-1586.png,Normal
COVID-1718.png,COVID
COVID-2120.png,COVID
Normal-7214.png,Normal
Normal-7290.png,Normal
Normal-3048.png,Normal
Normal-7568.png,Normal
Normal-9522.png,Normal
Normal-1007.png,Normal
Normal-10091.png,Normal
Normal-6769.png,Normal
Normal-9284.png,Normal
Normal-50.png,Normal
Normal-2350.png,Normal
COVID-2221.png,COVID
Normal-10056.png,Normal
Normal-2619.png,Normal
COVID-2599.png,COVID
Normal-4843.png,Normal
Normal-3686.png,Normal
Normal-3383.png,Normal
Normal-1091.png,Normal
Normal-185.png,Normal
Normal-6187.png,Normal
Normal-2094.png,Normal
Normal-880.png,Normal
Normal-2204.png,Normal
Normal-8719.png,Normal
Normal-8544.png,Normal
Normal-6923.png,Normal
Normal-276.png,Normal
Normal-7723.png,Normal
Normal-2406.png,Normal
Normal-6949.png,Normal
Normal-9047.png,Normal
COVID-1699.png,COVID
Normal-9672.png,Normal
Normal-4857.png,Normal
COVID-1340.png,COVID
Normal-1065.png,Normal
Normal-5511.png,Normal
Normal-7629.png,Normal
Normal-2444.png,Normal
COVID-1711.png,COVID
Normal-2714.png,Normal
Normal-7309.png,Normal
Normal-3399.png,Normal
Normal-7207.png,Normal
Normal-7018.png,Normal
Viral Pneumonia-319.png,Viral Pneumonia
Normal-7842.png,Normal
COVID-2187.png,COVID
Normal-4234.png,Normal
Normal-7150.png,Normal
Normal-2650.png,Normal
Normal-530.png,Normal
Normal-5335.png,Normal
Normal-8602.png,Normal
Normal-860.png,Normal
Normal-8764.png,Normal
Normal-6288.png,Normal
Normal-1405.png,Normal
COVID-2880.png,COVID
Viral Pneumonia-475.png,Viral Pneumonia
Normal-958.png,Normal
COVID-1772.png,COVID
Normal-3550.png,Normal
COVID-2953.png,COVID
Normal-1274.png,Normal
Normal-1226.png,Normal
Viral Pneumonia-1226.png,Viral Pneumonia
Normal-1031.png,Normal
Viral Pneumonia-1245.png,Viral Pneumonia
Normal-4003.png,Normal
Viral Pneumonia-881.png,Viral Pneumonia
Viral Pneumonia-901.png,Viral Pneumonia
Normal-3499.png,Normal
Normal-6581.png,Normal
Normal-6409.png,Normal
COVID-1888.png,COVID
Viral Pneumonia-48.png,Viral Pneumonia
Normal-3058.png,Normal
Normal-3599.png,Normal
Normal-7531.png,Normal
COVID-429.png,COVID
COVID-548.png,COVID
Normal-21.png,Normal
Normal-9686.png,Normal
Viral Pneumonia-221.png,Viral Pneumonia
Normal-4825.png,Normal
Normal-3815.png,Normal
COVID-1989.png,COVID
COVID-3535.png,COVID
COVID-341.png,COVID
Normal-5654.png,Normal
Normal-5024.png,Normal
COVID-1543.png,COVID
COVID-2718.png,COVID
COVID-1716.png,COVID
Normal-1306.png,Normal
Normal-2526.png,Normal
Normal-8320.png,Normal
Normal-6996.png,Normal
Viral Pneumonia-467.png,Viral Pneumonia
COVID-2103.png,COVID
Normal-7468.png,Normal
Normal-2254.png,Normal
Normal-4327.png,Normal
Normal-292.png,Normal
Viral Pneumonia-717.png,Viral Pneumonia
Normal-5054.png,Normal
Normal-5984.png,Normal
Normal-8652.png,Normal
Normal-4497.png,Normal
Viral Pneumonia-1291.png,Viral Pneumonia
Normal-1341.png,Normal
Normal-1504.png,Normal
Normal-2258.png,Normal
Normal-5294.png,Normal
Normal-5630.png,Normal
Normal-9377.png,Normal
Normal-1408.png,Normal
COVID-3558.png,COVID
Normal-4728.png,Normal
COVID-2776.png,COVID
COVID-3613.png,COVID
Viral Pneumonia-215.png,Viral Pneumonia
Normal-9249.png,Normal
COVID-551.png,COVID
Normal-1013.png,Normal
Normal-8038.png,Normal
Normal-6444.png,Normal
Normal-5937.png,Normal
Normal-6564.png,Normal
Normal-7660.png,Normal
Normal-8177.png,Normal
COVID-569.png,COVID
Normal-5799.png,Normal
COVID-2406.png,COVID
Normal-5875.png,Normal
Normal-1147.png,Normal
Normal-5818.png,Normal
Normal-3986.png,Normal
Normal-8438.png,Normal
Normal-320.png,Normal
Normal-5073.png,Normal
Normal-3376.png,Normal
Viral Pneumonia-846.png,Viral Pneumonia
Normal-5331.png,Normal
Normal-611.png,Normal
COVID-1903.png,COVID
Normal-9738.png,Normal
Normal-4050.png,Normal
Normal-5669.png,Normal
Normal-6899.png,Normal
COVID-293.png,COVID
Normal-1871.png,Normal
Normal-4271.png,Normal
Normal-6521.png,Normal
Normal-4402.png,Normal
COVID-2570.png,COVID
Normal-3733.png,Normal
COVID-562.png,COVID
COVID-1982.png,COVID
COVID-14.png,COVID
Viral Pneumonia-359.png,Viral Pneumonia
Normal-1777.png,Normal
Normal-8245.png,Normal
Normal-5739.png,Normal
Normal-7021.png,Normal
Normal-1325.png,Normal
COVID-1180.png,COVID
Viral Pneumonia-595.png,Viral Pneumonia
COVID-2937.png,COVID
Normal-9123.png,Normal
Normal-8779.png,Normal
Normal-2099.png,Normal
Normal-751.png,Normal
COVID-2801.png,COVID
Normal-6587.png,Normal
Normal-4573.png,Normal
COVID-1607.png,COVID
Normal-5941.png,Normal
COVID-817.png,COVID
COVID-742.png,COVID
COVID-3477.png,COVID
Normal-5332.png,Normal
COVID-1926.png,COVID
Normal-8805.png,Normal
Normal-6791.png,Normal
Normal-7911.png,Normal
COVID-1815.png,COVID
Normal-1326.png,Normal
Normal-1618.png,Normal
Normal-9012.png,Normal
Normal-464.png,Normal
COVID-1784.png,COVID
Normal-10099.png,Normal
Normal-1587.png,Normal
Normal-1694.png,Normal
Normal-9823.png,Normal
Normal-3853.png,Normal
Normal-7784.png,Normal
Normal-3533.png,Normal
Normal-2611.png,Normal
Normal-1468.png,Normal
Normal-8989.png,Normal
COVID-2810.png,COVID
Normal-32.png,Normal
Normal-8565.png,Normal
Normal-1498.png,Normal
Normal-7820.png,Normal
Normal-2342.png,Normal
Normal-7470.png,Normal
COVID-1843.png,COVID
Normal-2020.png,Normal
Normal-8636.png,Normal
Normal-2172.png,Normal
Normal-8402.png,Normal
Normal-2792.png,Normal
Normal-6143.png,Normal
Normal-995.png,Normal
Normal-5018.png,Normal
Normal-4737.png,Normal
Normal-10141.png,Normal
COVID-204.png,COVID
Normal-2347.png,Normal
COVID-2542.png,COVID
Viral Pneumonia-279.png,Viral Pneumonia
COVID-348.png,COVID
Normal-6013.png,Normal
Normal-5483.png,Normal
Normal-263.png,Normal
COVID-2873.png,COVID
Normal-2534.png,Normal
Normal-1318.png,Normal
Normal-8307.png,Normal
Normal-3737.png,Normal
Normal-4007.png,Normal
Normal-5584.png,Normal
Viral Pneumonia-102.png,Viral Pneumonia
Normal-6961.png,Normal
Normal-2559.png,Normal
Normal-5623.png,Normal
Normal-5419.png,Normal
COVID-2925.png,COVID
Normal-627.png,Normal
Normal-4293.png,Normal
Normal-7437.png,Normal
COVID-1293.png,COVID
Normal-1322.png,Normal
Normal-8374.png,Normal
Normal-74.png,Normal
Normal-4058.png,Normal
Viral Pneumonia-98.png,Viral Pneumonia
Normal-1427.png,Normal
Normal-9538.png,Normal
Normal-8751.png,Normal
Viral Pneumonia-327.png,Viral Pneumonia
COVID-2746.png,COVID
Normal-10146.png,Normal
COVID-2522.png,COVID
Normal-8696.png,Normal
COVID-1874.png,COVID
COVID-923.png,COVID
Normal-8213.png,Normal
Normal-3272.png,Normal
Normal-4391.png,Normal
COVID-2892.png,COVID
COVID-1611.png,COVID
Normal-2503.png,Normal
Normal-1099.png,Normal
Normal-4091.png,Normal
COVID-1417.png,COVID
Normal-2253.png,Normal
Viral Pneumonia-21.png,Viral Pneumonia
Normal-3002.png,Normal
COVID-2952.png,COVID
Normal-5406.png,Normal
Normal-3697.png,Normal
Normal-2799.png,Normal
Normal-8355.png,Normal
Normal-9948.png,Normal
Normal-9212.png,Normal
Normal-2827.png,Normal
Viral Pneumonia-205.png,Viral Pneumonia
Normal-5400.png,Normal
Normal-626.png,Normal
COVID-873.png,COVID
Normal-1747.png,Normal
Normal-3657.png,Normal
Normal-657.png,Normal
Normal-2180.png,Normal
Normal-1887.png,Normal
COVID-2648.png,COVID
Normal-8592.png,Normal
Normal-269.png,Normal
Normal-7412.png,Normal
COVID-775.png,COVID
COVID-3267.png,COVID
Normal-8526.png,Normal
Normal-8904.png,Normal
Normal-7576.png,Normal
Viral Pneumonia-703.png,Viral Pneumonia
Normal-7830.png,Normal
Normal-1152.png,Normal
Normal-1598.png,Normal
Normal-1636.png,Normal
Normal-10107.png,Normal
Normal-4914.png,Normal
Normal-2090.png,Normal
Normal-2476.png,Normal
COVID-2615.png,COVID
Normal-3858.png,Normal
Normal-5269.png,Normal
Normal-7527.png,Normal
COVID-1044.png,COVID
COVID-1014.png,COVID
Normal-9422.png,Normal
Normal-4193.png,Normal
Normal-9117.png,Normal
COVID-2936.png,COVID
COVID-1328.png,COVID
Normal-1334.png,Normal
Viral Pneumonia-306.png,Viral Pneumonia
COVID-1782.png,COVID
Normal-4248.png,Normal
Normal-7661.png,Normal
Normal-3928.png,Normal
Viral Pneumonia-1109.png,Viral Pneumonia
Normal-9090.png,Normal
COVID-1347.png,COVID
Normal-2728.png,Normal
COVID-515.png,COVID
Normal-7953.png,Normal
Normal-8441.png,Normal
Normal-7750.png,Normal
Normal-7028.png,Normal
COVID-224.png,COVID
Viral Pneumonia-1215.png,Viral Pneumonia
Normal-8623.png,Normal
Viral Pneumonia-147.png,Viral Pneumonia
COVID-1700.png,COVID
Normal-9562.png,Normal
Normal-127.png,Normal
Viral Pneumonia-378.png,Viral Pneumonia
Normal-1004.png,Normal
Normal-5238.png,Normal
Normal-4907.png,Normal
Normal-8953.png,Normal
Viral Pneumonia-148.png,Viral Pneumonia
Normal-4490.png,Normal
COVID-1220.png,COVID
COVID-1778.png,COVID
Normal-410.png,Normal
Normal-7147.png,Normal
Viral Pneumonia-72.png,Viral Pneumonia
Normal-2870.png,Normal
Normal-3827.png,Normal
COVID-2934.png,COVID
COVID-2013.png,COVID
Normal-2747.png,Normal
Normal-2169.png,Normal
Normal-8639.png,Normal
COVID-3412.png,COVID
COVID-1750.png,COVID
Normal-7067.png,Normal
Normal-7203.png,Normal
Normal-6129.png,Normal
Viral Pneumonia-163.png,Viral Pneumonia
Normal-2703.png,Normal
Normal-3766.png,Normal
Normal-10170.png,Normal
COVID-1687.png,COVID
Normal-3899.png,Normal
COVID-2915.png,COVID
Normal-3781.png,Normal
Normal-4749.png,Normal
COVID-2262.png,COVID
COVID-435.png,COVID
Normal-7489.png,Normal
Normal-819.png,Normal
Normal-8151.png,Normal
Viral Pneumonia-355.png,Viral Pneumonia
Normal-1413.png,Normal
Normal-3770.png,Normal
Normal-5700.png,Normal
Normal-425.png,Normal
COVID-2062.png,COVID
COVID-2770.png,COVID
Normal-3380.png,Normal
Normal-7229.png,Normal
COVID-3001.png,COVID
Normal-2022.png,Normal
COVID-954.png,COVID
COVID-39.png,COVID
Normal-69.png,Normal
Normal-3106.png,Normal
Normal-3413.png,Normal
Normal-9466.png,Normal
Normal-1906.png,Normal
COVID-105.png,COVID
Normal-7545.png,Normal
COVID-2005.png,COVID
Viral Pneumonia-1250.png,Viral Pneumonia
Normal-4924.png,Normal
Normal-2864.png,Normal
COVID-2.png,COVID
Normal-7213.png,Normal
COVID-836.png,COVID
Normal-7945.png,Normal
Normal-1123.png,Normal
Viral Pneumonia-266.png,Viral Pneumonia
Normal-5676.png,Normal
Normal-2525.png,Normal
Normal-6930.png,Normal
Normal-7148.png,Normal
Normal-1569.png,Normal
Normal-3099.png,Normal
Normal-7178.png,Normal
Normal-1563.png,Normal
Viral Pneumonia-634.png,Viral Pneumonia
Normal-8202.png,Normal
COVID-3328.png,COVID
Normal-2930.png,Normal
Normal-538.png,Normal
Normal-3534.png,Normal
Viral Pneumonia-1175.png,Viral Pneumonia
COVID-3216.png,COVID
Normal-8724.png,Normal
Normal-1971.png,Normal
Normal-4863.png,Normal
Viral Pneumonia-566.png,Viral Pneumonia
Normal-4781.png,Normal
COVID-1642.png,COVID
Normal-1035.png,Normal
Normal-4112.png,Normal
COVID-2824.png,COVID
Normal-763.png,Normal
Normal-8550.png,Normal
Normal-8444.png,Normal
COVID-1466.png,COVID
Normal-8670.png,Normal
Normal-9113.png,Normal
Normal-2435.png,Normal
Normal-3633.png,Normal
Normal-394.png,Normal
Viral Pneumonia-8.png,Viral Pneumonia
COVID-696.png,COVID
Normal-1779.png,Normal
Normal-8491.png,Normal
Normal-3427.png,Normal
Normal-6421.png,Normal
COVID-3616.png,COVID
COVID-678.png,COVID
COVID-1469.png,COVID
Normal-2898.png,Normal
Normal-4442.png,Normal
Normal-8244.png,Normal
Normal-8501.png,Normal
Normal-5025.png,Normal
Normal-1552.png,Normal
Normal-3543.png,Normal
COVID-2956.png,COVID
Viral Pneumonia-383.png,Viral Pneumonia
Normal-7722.png,Normal
Viral Pneumonia-202.png,Viral Pneumonia
Normal-1379.png,Normal
Viral Pneumonia-284.png,Viral Pneumonia
Viral Pneumonia-351.png,Viral Pneumonia
Normal-5878.png,Normal
Normal-6784.png,Normal
Normal-6528.png,Normal
Normal-5826.png,Normal
Normal-7099.png,Normal
COVID-3574.png,COVID
Normal-8693.png,Normal
COVID-1727.png,COVID
Normal-3970.png,Normal
COVID-2226.png,COVID
Normal-9434.png,Normal
COVID-1482.png,COVID
Normal-3602.png,Normal
Normal-9883.png,Normal
Normal-4135.png,Normal
COVID-1740.png,COVID
COVID-2024.png,COVID
COVID-632.png,COVID
Normal-6075.png,Normal
COVID-1318.png,COVID
Normal-4508.png,Normal
COVID-2730.png,COVID
Normal-241.png,Normal
Normal-2932.png,Normal
COVID-1968.png,COVID
Normal-10086.png,Normal
Normal-6579.png,Normal
Normal-9675.png,Normal
Normal-6158.png,Normal
COVID-2503.png,COVID
Normal-9474.png,Normal
COVID-2537.png,COVID
Normal-4725.png,Normal
Normal-4426.png,Normal
Normal-9632.png,Normal
Normal-9785.png,Normal
Normal-7701.png,Normal
COVID-2948.png,COVID
COVID-799.png,COVID
Normal-5831.png,Normal
Viral Pneumonia-589.png,Viral Pneumonia
COVID-2443.png,COVID
COVID-393.png,COVID
Normal-7832.png,Normal
Viral Pneumonia-811.png,Viral Pneumonia
Normal-3113.png,Normal
Normal-576.png,Normal
Viral Pneumonia-487.png,Viral Pneumonia
Viral Pneumonia-58.png,Viral Pneumonia
Viral Pneumonia-535.png,Viral Pneumonia
Normal-9130.png,Normal
Normal-1645.png,Normal
Normal-8593.png,Normal
COVID-3256.png,COVID
Normal-9104.png,Normal
Normal-1003.png,Normal
COVID-2194.png,COVID
COVID-3439.png,COVID
COVID-3571.png,COVID
Viral Pneumonia-856.png,Viral Pneumonia
Normal-9125.png,Normal
COVID-1449.png,COVID
COVID-1238.png,COVID
Normal-5394.png,Normal
Normal-3428.png,Normal
Normal-8422.png,Normal
Normal-2620.png,Normal
COVID-3263.png,COVID
Normal-3718.png,Normal
Normal-9720.png,Normal
Normal-8927.png,Normal
Normal-2734.png,Normal
Normal-3259.png,Normal
Normal-9058.png,Normal
Normal-3123.png,Normal
Normal-6475.png,Normal
Normal-5460.png,Normal
Normal-1574.png,Normal
COVID-1848.png,COVID
COVID-1395.png,COVID
Normal-9500.png,Normal
Normal-6450.png,Normal
Normal-8599.png,Normal
Viral Pneumonia-529.png,Viral Pneumonia
COVID-1851.png,COVID
Normal-4294.png,Normal
Normal-7060.png,Normal
Normal-9336.png,Normal
COVID-700.png,COVID
COVID-486.png,COVID
Normal-2778.png,Normal
Normal-597.png,Normal
COVID-431.png,COVID
Normal-4460.png,Normal
COVID-1251.png,COVID
COVID-1285.png,COVID
Normal-3103.png,Normal
COVID-655.png,COVID
COVID-2606.png,COVID
Normal-8014.png,Normal
Normal-5260.png,Normal
Normal-7224.png,Normal
Normal-1361.png,Normal
Normal-4777.png,Normal
Normal-1249.png,Normal
Normal-3989.png,Normal
Normal-7859.png,Normal
Normal-104.png,Normal
COVID-2970.png,COVID
COVID-3411.png,COVID
Normal-8465.png,Normal
Normal-8522.png,Normal
Normal-1710.png,Normal
Viral Pneumonia-1225.png,Viral Pneumonia
Viral Pneumonia-847.png,Viral Pneumonia
Normal-9796.png,Normal
Normal-1222.png,Normal
Normal-9280.png,Normal
COVID-3259.png,COVID
Normal-6883.png,Normal
Normal-6594.png,Normal
COVID-3222.png,COVID
Normal-9555.png,Normal
Normal-6050.png,Normal
Viral Pneumonia-245.png,Viral Pneumonia
Normal-3085.png,Normal
COVID-2495.png,COVID
Normal-6588.png,Normal
Normal-5981.png,Normal
COVID-3420.png,COVID
Normal-45.png,Normal
COVID-2609.png,COVID
Normal-2086.png,Normal
Normal-2340.png,Normal
Normal-5705.png,Normal
COVID-2703.png,COVID
COVID-1998.png,COVID
COVID-1966.png,COVID
Normal-5055.png,Normal
Normal-787.png,Normal
Normal-1932.png,Normal
Normal-2018.png,Normal
Normal-647.png,Normal
Normal-5277.png,Normal
Normal-8509.png,Normal
COVID-1672.png,COVID
Normal-3313.png,Normal
COVID-2668.png,COVID
Normal-1443.png,Normal
COVID-3337.png,COVID
Normal-4156.png,Normal
Normal-9579.png,Normal
Viral Pneumonia-612.png,Viral Pneumonia
Normal-3241.png,Normal
Normal-9157.png,Normal
Viral Pneumonia-918.png,Viral Pneumonia
Normal-2355.png,Normal
Normal-6419.png,Normal
Normal-4187.png,Normal
Normal-8499.png,Normal
Normal-7428.png,Normal
Normal-940.png,Normal
Normal-9329.png,Normal
Normal-357.png,Normal
Normal-5278.png,Normal
Normal-5917.png,Normal
COVID-585.png,COVID
Normal-1584.png,Normal
Normal-571.png,Normal
Normal-2049.png,Normal
Normal-5414.png,Normal
Normal-7047.png,Normal
Normal-8283.png,Normal
Normal-3182.png,Normal
Normal-9342.png,Normal
Normal-8763.png,Normal
Normal-4551.png,Normal
Normal-3570.png,Normal
COVID-1324.png,COVID
COVID-1177.png,COVID
Viral Pneumonia-395.png,Viral Pneumonia
Normal-7415.png,Normal
Normal-6773.png,Normal
COVID-437.png,COVID
Viral Pneumonia-203.png,Viral Pneumonia
COVID-981.png,COVID
Normal-1432.png,Normal
Normal-8899.png,Normal
Normal-6219.png,Normal
Normal-4896.png,Normal
COVID-3489.png,COVID
Normal-9152.png,Normal
Viral Pneumonia-649.png,Viral Pneumonia
Normal-442.png,Normal
Normal-4370.png,Normal
COVID-2021.png,COVID
Normal-459.png,Normal
Normal-38.png,Normal
Normal-6628.png,Normal
COVID-3614.png,COVID
COVID-256.png,COVID
Normal-7900.png,Normal
COVID-1150.png,COVID
Normal-467.png,Normal
Normal-3461.png,Normal
Normal-5398.png,Normal
Normal-3503.png,Normal
COVID-3533.png,COVID
Normal-3469.png,Normal
Normal-3940.png,Normal
Normal-2959.png,Normal
Normal-1234.png,Normal
Normal-1164.png,Normal
Normal-3700.png,Normal
COVID-2886.png,COVID
Normal-4966.png,Normal
Normal-5242.png,Normal
Normal-8006.png,Normal
Normal-7291.png,Normal
Normal-1547.png,Normal
Viral Pneumonia-1018.png,Viral Pneumonia
COVID-776.png,COVID
Normal-3630.png,Normal
COVID-2587.png,COVID
Normal-5102.png,Normal
Normal-5259.png,Normal
Normal-6712.png,Normal
Normal-6291.png,Normal
COVID-3419.png,COVID
Normal-8849.png,Normal
Viral Pneumonia-389.png,Viral Pneumonia
Normal-7475.png,Normal
Normal-9447.png,Normal
Viral Pneumonia-1298.png,Viral Pneumonia
Normal-9568.png,Normal
Normal-4214.png,Normal
Normal-8911.png,Normal
Normal-758.png,Normal
Normal-2141.png,Normal
Normal-3510.png,Normal
Normal-8579.png,Normal
Normal-1294.png,Normal
Normal-9154.png,Normal
Normal-7176.png,Normal
Normal-9454.png,Normal
COVID-772.png,COVID
COVID-3551.png,COVID
COVID-3400.png,COVID
Viral Pneumonia-790.png,Viral Pneumonia
Viral Pneumonia-366.png,Viral Pneumonia
COVID-3065.png,COVID
Viral Pneumonia-1124.png,Viral Pneumonia
Normal-2752.png,Normal
Viral Pneumonia-985.png,Viral Pneumonia
Normal-274.png,Normal
COVID-2354.png,COVID
Viral Pneumonia-668.png,Viral Pneumonia
Viral Pneumonia-874.png,Viral Pneumonia
COVID-915.png,COVID
Normal-8142.png,Normal
Normal-7384.png,Normal
Normal-5531.png,Normal
Normal-1203.png,Normal
Normal-1212.png,Normal
Normal-5680.png,Normal
COVID-3344.png,COVID
Normal-4861.png,Normal
Normal-7085.png,Normal
Normal-485.png,Normal
Normal-7782.png,Normal
Normal-2387.png,Normal
Normal-8489.png,Normal
Normal-1888.png,Normal
Normal-5645.png,Normal
COVID-2030.png,COVID
COVID-2035.png,COVID
Normal-596.png,Normal
Normal-4721.png,Normal
Normal-9311.png,Normal
Viral Pneumonia-927.png,Viral Pneumonia
Normal-3308.png,Normal
Normal-7460.png,Normal
Normal-9663.png,Normal
Normal-6063.png,Normal
COVID-1554.png,COVID
COVID-493.png,COVID
Normal-4643.png,Normal
Normal-6468.png,Normal
Normal-9237.png,Normal
Normal-1788.png,Normal
COVID-1491.png,COVID
COVID-1904.png,COVID
COVID-1205.png,COVID
Normal-9718.png,Normal
Normal-3725.png,Normal
Normal-1743.png,Normal
Normal-5950.png,Normal
COVID-308.png,COVID
Normal-8134.png,Normal
Normal-8839.png,Normal
Normal-2888.png,Normal
Normal-6297.png,Normal
Normal-6619.png,Normal
Normal-10034.png,Normal
Normal-8478.png,Normal
COVID-579.png,COVID
Normal-4421.png,Normal
Normal-3699.png,Normal
Normal-5224.png,Normal
Normal-411.png,Normal
Normal-9587.png,Normal
Normal-3442.png,Normal
Normal-2918.png,Normal
Viral Pneumonia-531.png,Viral Pneumonia
Normal-9092.png,Normal
Normal-9613.png,Normal
COVID-1622.png,COVID
Normal-5824.png,Normal
Normal-695.png,Normal
Normal-4230.png,Normal
Viral Pneumonia-948.png,Viral Pneumonia
COVID-3248.png,COVID
Normal-2964.png,Normal
Normal-1232.png,Normal
Normal-6053.png,Normal
Normal-2865.png,Normal
Normal-965.png,Normal
Normal-5742.png,Normal
COVID-159.png,COVID
Viral Pneumonia-839.png,Viral Pneumonia
COVID-1379.png,COVID
COVID-3114.png,COVID
Normal-5754.png,Normal
Normal-1162.png,Normal
Normal-8344.png,Normal
COVID-1393.png,COVID
COVID-1923.png,COVID
Normal-9328.png,Normal
Normal-5488.png,Normal
Viral Pneumonia-1153.png,Viral Pneumonia
Normal-559.png,Normal
Normal-4661.png,Normal
Normal-1135.png,Normal
Normal-5966.png,Normal
Normal-2634.png,Normal
COVID-699.png,COVID
Normal-4143.png,Normal
Normal-6850.png,Normal
Normal-6420.png,Normal
Normal-8766.png,Normal
Normal-9826.png,Normal
Normal-4739.png,Normal
Normal-4870.png,Normal
COVID-451.png,COVID
Normal-2266.png,Normal
Normal-5895.png,Normal
Normal-851.png,Normal
Normal-9450.png,Normal
Normal-1390.png,Normal
Normal-8896.png,Normal
Normal-1938.png,Normal
Viral Pneumonia-1333.png,Viral Pneumonia
Normal-7097.png,Normal
Normal-1043.png,Normal
Normal-8908.png,Normal
COVID-672.png,COVID
Normal-5401.png,Normal
Normal-10076.png,Normal
COVID-2705.png,COVID
Normal-9219.png,Normal
Normal-9870.png,Normal
Normal-9261.png,Normal
Normal-4022.png,Normal
Normal-6473.png,Normal
Normal-3866.png,Normal
Normal-9354.png,Normal
Viral Pneumonia-672.png,Viral Pneumonia
Viral Pneumonia-772.png,Viral Pneumonia
COVID-2339.png,COVID
Viral Pneumonia-815.png,Viral Pneumonia
Normal-1460.png,Normal
Normal-7693.png,Normal
COVID-1959.png,COVID
Normal-5586.png,Normal
Normal-3809.png,Normal
Normal-4510.png,Normal
COVID-1883.png,COVID
Normal-2535.png,Normal
COVID-195.png,COVID
Normal-7066.png,Normal
COVID-1016.png,COVID
Normal-2958.png,Normal
Normal-6644.png,Normal
COVID-1641.png,COVID
Normal-2412.png,Normal
Normal-3559.png,Normal
COVID-2069.png,COVID
Normal-7044.png,Normal
Normal-4006.png,Normal
COVID-2468.png,COVID
Viral Pneumonia-332.png,Viral Pneumonia
COVID-3469.png,COVID
Normal-1573.png,Normal
COVID-2731.png,COVID
Normal-6527.png,Normal
Normal-9585.png,Normal
Viral Pneumonia-420.png,Viral Pneumonia
Normal-1329.png,Normal
COVID-2053.png,COVID
Normal-2738.png,Normal
Viral Pneumonia-1024.png,Viral Pneumonia
Normal-4072.png,Normal
COVID-2124.png,COVID
Normal-5978.png,Normal
Normal-6788.png,Normal
Normal-4062.png,Normal
Normal-877.png,Normal
Normal-8760.png,Normal
Normal-8687.png,Normal
Normal-4195.png,Normal
Normal-6934.png,Normal
Normal-1253.png,Normal
Normal-7083.png,Normal
Normal-6678.png,Normal
Normal-8474.png,Normal
COVID-2254.png,COVID
Viral Pneumonia-1002.png,Viral Pneumonia
COVID-1120.png,COVID
Normal-1978.png,Normal
Viral Pneumonia-331.png,Viral Pneumonia
COVID-2197.png,COVID
Normal-5629.png,Normal
Normal-7935.png,Normal
Normal-1085.png,Normal
Normal-5500.png,Normal
Normal-7742.png,Normal
COVID-1501.png,COVID
COVID-1246.png,COVID
Normal-9831.png,Normal
Normal-131.png,Normal
COVID-606.png,COVID
Normal-9000.png,Normal
Normal-9365.png,Normal
Normal-9927.png,Normal
COVID-965.png,COVID
Normal-6718.png,Normal
COVID-3079.png,COVID
Normal-1256.png,Normal
COVID-1277.png,COVID
Viral Pneumonia-663.png,Viral Pneumonia
Viral Pneumonia-769.png,Viral Pneumonia
Normal-9264.png,Normal
Normal-7038.png,Normal
Normal-2605.png,Normal
Normal-2474.png,Normal
Normal-9651.png,Normal
Normal-7690.png,Normal
Normal-9103.png,Normal
Normal-1796.png,Normal
Normal-6092.png,Normal
Normal-7525.png,Normal
COVID-1623.png,COVID
Normal-6577.png,Normal
Normal-9381.png,Normal
Normal-2179.png,Normal
COVID-228.png,COVID
COVID-2778.png,COVID
Normal-1540.png,Normal
Normal-5970.png,Normal
Normal-452.png,Normal
Normal-10054.png,Normal
Normal-7343.png,Normal
Normal-4099.png,Normal
Normal-8758.png,Normal
Normal-8055.png,Normal
Normal-9697.png,Normal
Normal-369.png,Normal
Normal-2401.png,Normal
Viral Pneumonia-407.png,Viral Pneumonia
Normal-7702.png,Normal
Normal-8768.png,Normal
COVID-67.png,COVID
Normal-9423.png,Normal
Normal-10084.png,Normal
Normal-2288.png,Normal
Normal-1231.png,Normal
Normal-9643.png,Normal
Normal-5176.png,Normal
Viral Pneumonia-346.png,Viral Pneumonia
Normal-2441.png,Normal
Normal-4543.png,Normal
COVID-697.png,COVID
Normal-10178.png,Normal
Normal-10006.png,Normal
COVID-1632.png,COVID
COVID-1241.png,COVID
Viral Pneumonia-246.png,Viral Pneumonia
COVID-1389.png,COVID
Normal-1000.png,Normal
COVID-513.png,COVID
Normal-3467.png,Normal
Normal-5239.png,Normal
Normal-5948.png,Normal
COVID-354.png,COVID
Viral Pneumonia-216.png,Viral Pneumonia
Normal-6543.png,Normal
COVID-1575.png,COVID
COVID-679.png,COVID
Viral Pneumonia-1343.png,Viral Pneumonia
COVID-1499.png,COVID
COVID-2540.png,COVID
Normal-2982.png,Normal
Normal-3134.png,Normal
Normal-9542.png,Normal
Normal-8727.png,Normal
Normal-2793.png,Normal
Normal-9158.png,Normal
Viral Pneumonia-1203.png,Viral Pneumonia
Normal-239.png,Normal
Viral Pneumonia-173.png,Viral Pneumonia
COVID-1697.png,COVID
Normal-691.png,Normal
Normal-5281.png,Normal
Normal-732.png,Normal
Normal-5541.png,Normal
COVID-1461.png,COVID
Viral Pneumonia-486.png,Viral Pneumonia
Normal-6905.png,Normal
COVID-590.png,COVID
Normal-5778.png,Normal
Normal-5473.png,Normal
COVID-614.png,COVID
Normal-3368.png,Normal
COVID-3484.png,COVID
Normal-1973.png,Normal
Normal-4985.png,Normal
Normal-6716.png,Normal
Normal-9548.png,Normal
Normal-3243.png,Normal
COVID-1271.png,COVID
Normal-2922.png,Normal
Normal-3612.png,Normal
COVID-1524.png,COVID
Normal-462.png,Normal
Normal-8075.png,Normal
Normal-4690.png,Normal
COVID-3235.png,COVID
Normal-2878.png,Normal
COVID-2833.png,COVID
Normal-3163.png,Normal
Normal-4735.png,Normal
Normal-5884.png,Normal
Normal-8423.png,Normal
COVID-2694.png,COVID
Normal-3957.png,Normal
Normal-1769.png,Normal
COVID-1981.png,COVID
Normal-1462.png,Normal
COVID-2760.png,COVID
Normal-3439.png,Normal
Normal-9492.png,Normal
Normal-3374.png,Normal
Normal-4578.png,Normal
Normal-4405.png,Normal
Normal-809.png,Normal
Normal-3446.png,Normal
Normal-5696.png,Normal
Normal-6206.png,Normal
Normal-7278.png,Normal
Normal-985.png,Normal
Normal-1946.png,Normal
Normal-5808.png,Normal
Normal-3634.png,Normal
COVID-2726.png,COVID
Normal-5940.png,Normal
Normal-5798.png,Normal
Normal-1815.png,Normal
Normal-2489.png,Normal
Normal-3645.png,Normal
Normal-5613.png,Normal
Normal-1967.png,Normal
Normal-9216.png,Normal
COVID-2550.png,COVID
Normal-9766.png,Normal
Normal-1386.png,Normal
Normal-7298.png,Normal
Normal-3343.png,Normal
COVID-1326.png,COVID
COVID-2830.png,COVID
COVID-3307.png,COVID
Normal-10011.png,Normal
Normal-4270.png,Normal
Normal-2317.png,Normal
Normal-6827.png,Normal
Normal-2414.png,Normal
COVID-3049.png,COVID
Normal-470.png,Normal
Normal-980.png,Normal
COVID-3282.png,COVID
Viral Pneumonia-1307.png,Viral Pneumonia
Normal-9247.png,Normal
Normal-7337.png,Normal
Normal-1215.png,Normal
Normal-1556.png,Normal
Normal-1080.png,Normal
Normal-3250.png,Normal
Normal-8348.png,Normal
Normal-3979.png,Normal
Normal-5162.png,Normal
Normal-4556.png,Normal
Viral Pneumonia-1295.png,Viral Pneumonia
Normal-1643.png,Normal
Normal-4981.png,Normal
Viral Pneumonia-405.png,Viral Pneumonia
Normal-4092.png,Normal
COVID-1443.png,COVID
Normal-1255.png,Normal
Normal-3153.png,Normal
Normal-471.png,Normal
Normal-7131.png,Normal
Normal-8576.png,Normal
Normal-8954.png,Normal
Viral Pneumonia-598.png,Viral Pneumonia
Normal-2239.png,Normal
COVID-2251.png,COVID
Viral Pneumonia-1284.png,Viral Pneumonia
Normal-6909.png,Normal
Normal-2374.png,Normal
Normal-7311.png,Normal
COVID-497.png,COVID
COVID-653.png,COVID
COVID-465.png,COVID
Normal-1321.png,Normal
Normal-2106.png,Normal
Normal-4772.png,Normal
Normal-1006.png,Normal
Normal-7994.png,Normal
Normal-1150.png,Normal
Normal-1034.png,Normal
Normal-5913.png,Normal
Normal-7206.png,Normal
COVID-1838.png,COVID
COVID-25.png,COVID
Normal-2695.png,Normal
Normal-2636.png,Normal
Normal-484.png,Normal
Normal-9134.png,Normal
Normal-2289.png,Normal
Normal-1872.png,Normal
Viral Pneumonia-489.png,Viral Pneumonia
Normal-3354.png,Normal
Normal-8193.png,Normal
Normal-3526.png,Normal
COVID-11.png,COVID
COVID-3028.png,COVID
COVID-899.png,COVID
Viral Pneumonia-1224.png,Viral Pneumonia
Normal-6133.png,Normal
Normal-4388.png,Normal
Normal-2808.png,Normal
Normal-9405.png,Normal
Normal-2756.png,Normal
COVID-3580.png,COVID
Normal-1631.png,Normal
Viral Pneumonia-983.png,Viral Pneumonia
Normal-8632.png,Normal
Normal-6493.png,Normal
COVID-3266.png,COVID
Normal-8701.png,Normal
COVID-2253.png,COVID
Normal-5173.png,Normal
Normal-8062.png,Normal
Normal-8328.png,Normal
COVID-3042.png,COVID
Normal-7297.png,Normal
Normal-981.png,Normal
Normal-8469.png,Normal
Normal-6629.png,Normal
Normal-4201.png,Normal
Normal-8405.png,Normal
Normal-3424.png,Normal
COVID-734.png,COVID
Normal-5465.png,Normal
Normal-3487.png,Normal
Normal-7684.png,Normal
Normal-7307.png,Normal
Normal-5125.png,Normal
Normal-4009.png,Normal
Normal-5266.png,Normal
Normal-2432.png,Normal
Normal-6944.png,Normal
COVID-6.png,COVID
Normal-3656.png,Normal
Normal-4427.png,Normal
Viral Pneumonia-917.png,Viral Pneumonia
Normal-5864.png,Normal
Normal-830.png,Normal
Normal-3270.png,Normal
Viral Pneumonia-30.png,Viral Pneumonia
Normal-1317.png,Normal
Normal-3848.png,Normal
Normal-8395.png,Normal
Normal-5.png,Normal
Viral Pneumonia-891.png,Viral Pneumonia
Normal-3256.png,Normal
Normal-7321.png,Normal
Normal-4738.png,Normal
Viral Pneumonia-551.png,Viral Pneumonia
COVID-3578.png,COVID
COVID-1741.png,COVID
Normal-9319.png,Normal
Normal-8312.png,Normal
Normal-9193.png,Normal
Viral Pneumonia-716.png,Viral Pneumonia
Normal-6389.png,Normal
COVID-3127.png,COVID
Normal-6034.png,Normal
COVID-2459.png,COVID
Normal-1959.png,Normal
Normal-7860.png,Normal
Normal-1539.png,Normal
Normal-9739.png,Normal
Normal-2588.png,Normal
Normal-1745.png,Normal
COVID-2268.png,COVID
Normal-2067.png,Normal
Normal-4399.png,Normal
COVID-3220.png,COVID
COVID-3443.png,COVID
Normal-4116.png,Normal
Normal-2392.png,Normal
Normal-389.png,Normal
COVID-1433.png,COVID
Normal-5457.png,Normal
Normal-1934.png,Normal
Normal-3287.png,Normal
COVID-2385.png,COVID
Normal-4540.png,Normal
Viral Pneumonia-1074.png,Viral Pneumonia
Normal-2630.png,Normal
Normal-6151.png,Normal
COVID-1826.png,COVID
Normal-1854.png,Normal
Normal-5254.png,Normal
COVID-2979.png,COVID
Normal-5353.png,Normal
Normal-5174.png,Normal
Normal-5270.png,Normal
Normal-6748.png,Normal
Normal-7620.png,Normal
COVID-62.png,COVID
Normal-6439.png,Normal
Viral Pneumonia-196.png,Viral Pneumonia
Viral Pneumonia-99.png,Viral Pneumonia
Normal-4758.png,Normal
Normal-3284.png,Normal
Normal-1570.png,Normal
COVID-663.png,COVID
Normal-9685.png,Normal
Normal-5809.png,Normal
Normal-5412.png,Normal
Normal-9768.png,Normal
Normal-4425.png,Normal
COVID-3483.png,COVID
Normal-2101.png,Normal
Normal-3523.png,Normal
Normal-5496.png,Normal
Normal-175.png,Normal
Normal-3802.png,Normal
Normal-4472.png,Normal
COVID-1383.png,COVID
COVID-171.png,COVID
COVID-572.png,COVID
Normal-1820.png,Normal
Normal-2059.png,Normal
Normal-7330.png,Normal
Normal-3406.png,Normal
Normal-3728.png,Normal
Normal-3468.png,Normal
Normal-2769.png,Normal
Normal-9141.png,Normal
COVID-134.png,COVID
COVID-119.png,COVID
Normal-297.png,Normal
Normal-3371.png,Normal
Normal-6947.png,Normal
Viral Pneumonia-548.png,Viral Pneumonia
Normal-6022.png,Normal
Viral Pneumonia-278.png,Viral Pneumonia
Normal-8590.png,Normal
Normal-2690.png,Normal
COVID-2264.png,COVID
COVID-1023.png,COVID
Normal-7654.png,Normal
Normal-2545.png,Normal
COVID-344.png,COVID
Normal-4713.png,Normal
COVID-30.png,COVID
Normal-3495.png,Normal
Normal-6118.png,Normal
Normal-10171.png,Normal
Viral Pneumonia-1294.png,Viral Pneumonia
COVID-2796.png,COVID
COVID-1117.png,COVID
Normal-3910.png,Normal
Normal-1210.png,Normal
Normal-1114.png,Normal
COVID-2959.png,COVID
Normal-9295.png,Normal
Normal-7478.png,Normal
Viral Pneumonia-1283.png,Viral Pneumonia
Normal-7783.png,Normal
Normal-4644.png,Normal
Normal-7191.png,Normal
Normal-5855.png,Normal
Normal-6918.png,Normal
Normal-4449.png,Normal
Normal-5751.png,Normal
COVID-1240.png,COVID
Viral Pneumonia-911.png,Viral Pneumonia
Normal-2213.png,Normal
Normal-9939.png,Normal
COVID-586.png,COVID
Normal-4191.png,Normal
Normal-8394.png,Normal
Normal-9373.png,Normal
COVID-1840.png,COVID
Normal-8787.png,Normal
Normal-3582.png,Normal
Viral Pneumonia-1068.png,Viral Pneumonia
Normal-7999.png,Normal
Normal-1579.png,Normal
Normal-8401.png,Normal
Normal-1280.png,Normal
COVID-777.png,COVID
COVID-3380.png,COVID
Normal-5581.png,Normal
COVID-2971.png,COVID
Normal-7775.png,Normal
Normal-2427.png,Normal
COVID-574.png,COVID
COVID-1233.png,COVID
Normal-8620.png,Normal
Viral Pneumonia-706.png,Viral Pneumonia
Normal-4835.png,Normal
Normal-4867.png,Normal
COVID-1540.png,COVID
COVID-1100.png,COVID
COVID-2757.png,COVID
Normal-6889.png,Normal
Viral Pneumonia-1207.png,Viral Pneumonia
COVID-2798.png,COVID
COVID-3144.png,COVID
COVID-1325.png,COVID
Normal-2529.png,Normal
COVID-1530.png,COVID
Normal-7010.png,Normal
Viral Pneumonia-433.png,Viral Pneumonia
Normal-6392.png,Normal
Normal-2334.png,Normal
Normal-1795.png,Normal
Viral Pneumonia-646.png,Viral Pneumonia
Normal-2536.png,Normal
Normal-5006.png,Normal
Normal-2197.png,Normal
Normal-725.png,Normal
Normal-2206.png,Normal
COVID-2832.png,COVID
Normal-7423.png,Normal
Viral Pneumonia-528.png,Viral Pneumonia
Normal-4274.png,Normal
COVID-573.png,COVID
Viral Pneumonia-692.png,Viral Pneumonia
COVID-31.png,COVID
Normal-7109.png,Normal
COVID-2280.png,COVID
Normal-7009.png,Normal
Normal-7909.png,Normal
COVID-2756.png,COVID
Normal-5789.png,Normal
Normal-6172.png,Normal
Normal-29.png,Normal
COVID-3528.png,COVID
Normal-10068.png,Normal
COVID-3324.png,COVID
Normal-2595.png,Normal
Normal-3905.png,Normal
Normal-4807.png,Normal
Normal-6197.png,Normal
Normal-5760.png,Normal
Normal-1686.png,Normal
COVID-1671.png,COVID
Normal-4891.png,Normal
Viral Pneumonia-297.png,Viral Pneumonia
Normal-3170.png,Normal
Normal-1809.png,Normal
COVID-1484.png,COVID
Viral Pneumonia-572.png,Viral Pneumonia
Viral Pneumonia-1062.png,Viral Pneumonia
Viral Pneumonia-603.png,Viral Pneumonia
Normal-6950.png,Normal
Normal-2132.png,Normal
Normal-516.png,Normal
Normal-9701.png,Normal
COVID-385.png,COVID
Normal-8535.png,Normal
Normal-7350.png,Normal
COVID-2278.png,COVID
COVID-3594.png,COVID
Normal-83.png,Normal
Normal-1885.png,Normal
Normal-4165.png,Normal
Normal-3790.png,Normal
Normal-2321.png,Normal
Normal-7360.png,Normal
Normal-7936.png,Normal
Viral Pneumonia-459.png,Viral Pneumonia
Normal-8079.png,Normal
Normal-824.png,Normal
Normal-1478.png,Normal
Normal-4162.png,Normal
Normal-5120.png,Normal
Viral Pneumonia-1092.png,Viral Pneumonia
Normal-8413.png,Normal
Normal-9945.png,Normal
COVID-3209.png,COVID
Normal-10157.png,Normal
Normal-6554.png,Normal
Normal-6760.png,Normal
COVID-130.png,COVID
Normal-4046.png,Normal
Normal-8176.png,Normal
COVID-834.png,COVID
COVID-3162.png,COVID
Normal-8233.png,Normal
Viral Pneumonia-107.png,Viral Pneumonia
COVID-805.png,COVID
Normal-4123.png,Normal
Normal-8729.png,Normal
Normal-7938.png,Normal
COVID-2318.png,COVID
COVID-154.png,COVID
COVID-662.png,COVID
Normal-3080.png,Normal
COVID-3450.png,COVID
Normal-1765.png,Normal
COVID-1056.png,COVID
Normal-341.png,Normal
Normal-4002.png,Normal
Normal-3122.png,Normal
COVID-196.png,COVID
Viral Pneumonia-33.png,Viral Pneumonia
Normal-2875.png,Normal
Normal-1522.png,Normal
Normal-2362.png,Normal
Normal-8577.png,Normal
Normal-6820.png,Normal
Normal-7711.png,Normal
Normal-8594.png,Normal
COVID-3417.png,COVID
Normal-5274.png,Normal
Viral Pneumonia-1265.png,Viral Pneumonia
Normal-2957.png,Normal
Normal-4225.png,Normal
Normal-5546.png,Normal
Normal-4049.png,Normal
COVID-2683.png,COVID
Normal-5556.png,Normal
COVID-399.png,COVID
Viral Pneumonia-1182.png,Viral Pneumonia
Viral Pneumonia-761.png,Viral Pneumonia
COVID-1471.png,COVID
Normal-518.png,Normal
Normal-6122.png,Normal
Normal-8160.png,Normal
Normal-1010.png,Normal
COVID-281.png,COVID
Normal-6926.png,Normal
Normal-4593.png,Normal
Normal-150.png,Normal
Normal-703.png,Normal
Normal-4041.png,Normal
Normal-9731.png,Normal
COVID-1392.png,COVID
COVID-3059.png,COVID
Normal-6538.png,Normal
Normal-7265.png,Normal
Normal-1493.png,Normal
Normal-5188.png,Normal
Normal-1201.png,Normal
Viral Pneumonia-14.png,Viral Pneumonia
Normal-859.png,Normal
Normal-8747.png,Normal
Normal-4693.png,Normal
Normal-6590.png,Normal
COVID-1323.png,COVID
COVID-2727.png,COVID
Normal-4470.png,Normal
Normal-4967.png,Normal
Normal-9515.png,Normal
Normal-1108.png,Normal
COVID-3320.png,COVID
Normal-8091.png,Normal
Normal-1928.png,Normal
Normal-8634.png,Normal
COVID-931.png,COVID
Viral Pneumonia-492.png,Viral Pneumonia
COVID-1368.png,COVID
Normal-3589.png,Normal
Normal-456.png,Normal
COVID-2000.png,COVID
Normal-458.png,Normal
COVID-2763.png,COVID
Normal-4657.png,Normal
COVID-2424.png,COVID
Viral Pneumonia-25.png,Viral Pneumonia
Normal-4122.png,Normal
Normal-6824.png,Normal
Normal-7816.png,Normal
Normal-10179.png,Normal
Normal-6466.png,Normal
Normal-9151.png,Normal
Normal-8983.png,Normal
Normal-2397.png,Normal
Normal-6515.png,Normal
COVID-2985.png,COVID
Normal-971.png,Normal
Normal-9550.png,Normal
Normal-2682.png,Normal
Normal-4888.png,Normal
Normal-7848.png,Normal
Viral Pneumonia-694.png,Viral Pneumonia
COVID-3082.png,COVID
Normal-7402.png,Normal
Normal-4028.png,Normal
Normal-6916.png,Normal
COVID-1486.png,COVID
Viral Pneumonia-69.png,Viral Pneumonia
Normal-7627.png,Normal
Normal-9583.png,Normal
Viral Pneumonia-850.png,Viral Pneumonia
Normal-9889.png,Normal
Normal-4089.png,Normal
COVID-963.png,COVID
Normal-1581.png,Normal
COVID-1619.png,COVID
Normal-4161.png,Normal
Normal-4983.png,Normal
Viral Pneumonia-1078.png,Viral Pneumonia
Normal-7239.png,Normal
Normal-5209.png,Normal
Normal-1728.png,Normal
COVID-629.png,COVID
COVID-1567.png,COVID
Viral Pneumonia-1194.png,Viral Pneumonia
Normal-255.png,Normal
Normal-6831.png,Normal
Normal-4586.png,Normal
Viral Pneumonia-1029.png,Viral Pneumonia
COVID-3115.png,COVID
Normal-4678.png,Normal
Normal-8985.png,Normal
Normal-2890.png,Normal
Normal-352.png,Normal
Normal-4261.png,Normal
Normal-5002.png,Normal
Normal-147.png,Normal
Normal-2975.png,Normal
COVID-2420.png,COVID
Normal-8430.png,Normal
COVID-1367.png,COVID
Normal-6485.png,Normal
Normal-1365.png,Normal
Normal-8370.png,Normal
Normal-3762.png,Normal
Normal-888.png,Normal
Normal-1917.png,Normal
Normal-9270.png,Normal
COVID-3341.png,COVID
COVID-591.png,COVID
COVID-2697.png,COVID
Normal-8005.png,Normal
Normal-9077.png,Normal
COVID-607.png,COVID
Normal-3414.png,Normal
COVID-1128.png,COVID
Normal-5097.png,Normal
Normal-1515.png,Normal
Normal-2866.png,Normal
Viral Pneumonia-29.png,Viral Pneumonia
COVID-2762.png,COVID
Normal-6047.png,Normal
Normal-10041.png,Normal
Normal-2830.png,Normal
COVID-1029.png,COVID
Viral Pneumonia-1229.png,Viral Pneumonia
Normal-4694.png,Normal
Normal-4152.png,Normal
Normal-2174.png,Normal
COVID-1337.png,COVID
Normal-8045.png,Normal
COVID-3213.png,COVID
Viral Pneumonia-887.png,Viral Pneumonia
Viral Pneumonia-391.png,Viral Pneumonia
Viral Pneumonia-519.png,Viral Pneumonia
Normal-6239.png,Normal
COVID-2096.png,COVID
Normal-8105.png,Normal
COVID-2138.png,COVID
COVID-13.png,COVID
Normal-137.png,Normal
COVID-237.png,COVID
Normal-6653.png,Normal
Normal-3444.png,Normal
Normal-1560.png,Normal
Normal-2235.png,Normal
COVID-1021.png,COVID
Normal-3013.png,Normal
Normal-225.png,Normal
Normal-1789.png,Normal
Normal-2515.png,Normal
Normal-1444.png,Normal
Normal-3776.png,Normal
Normal-2087.png,Normal
Normal-1620.png,Normal
Normal-2494.png,Normal
Viral Pneumonia-230.png,Viral Pneumonia
COVID-2563.png,COVID
Normal-152.png,Normal
Normal-9691.png,Normal
Normal-2171.png,Normal
Normal-6919.png,Normal
Viral Pneumonia-1080.png,Viral Pneumonia
Normal-8317.png,Normal
Normal-10008.png,Normal
Normal-6607.png,Normal
COVID-2059.png,COVID
Normal-9052.png,Normal
COVID-2723.png,COVID
Normal-4656.png,Normal
Normal-9722.png,Normal
COVID-630.png,COVID
COVID-1258.png,COVID
Normal-2840.png,Normal
Normal-4716.png,Normal
Normal-1126.png,Normal
Normal-3351.png,Normal
Normal-6168.png,Normal
Normal-5177.png,Normal
Normal-5908.png,Normal
Normal-5636.png,Normal
COVID-2173.png,COVID
Normal-1866.png,Normal
Normal-4056.png,Normal
COVID-2920.png,COVID
Normal-6906.png,Normal
Normal-6300.png,Normal
Normal-3754.png,Normal
Normal-5147.png,Normal
Normal-2175.png,Normal
Normal-852.png,Normal
Normal-2328.png,Normal
Viral Pneumonia-517.png,Viral Pneumonia
COVID-3124.png,COVID
Normal-2976.png,Normal
Normal-5145.png,Normal
Normal-2447.png,Normal
Normal-7025.png,Normal
Normal-2940.png,Normal
Normal-7639.png,Normal
Normal-5519.png,Normal
COVID-2001.png,COVID
Normal-9402.png,Normal
Normal-8308.png,Normal
COVID-2158.png,COVID
Normal-3584.png,Normal
Normal-8290.png,Normal
Normal-9363.png,Normal
Normal-10163.png,Normal
Normal-4334.png,Normal
Normal-1844.png,Normal
Normal-4492.png,Normal
COVID-2133.png,COVID
COVID-305.png,COVID
Normal-3807.png,Normal
Normal-7216.png,Normal
Normal-6349.png,Normal
Normal-8690.png,Normal
Normal-5187.png,Normal
Normal-9882.png,Normal
Normal-6933.png,Normal
Normal-8197.png,Normal
Viral Pneumonia-885.png,Viral Pneumonia
COVID-3083.png,COVID
Normal-5047.png,Normal
Normal-6503.png,Normal
Normal-1961.png,Normal
Normal-3039.png,Normal
Normal-7905.png,Normal
Normal-5991.png,Normal
Normal-8250.png,Normal
COVID-2607.png,COVID
Normal-7110.png,Normal
COVID-2236.png,COVID
Normal-1834.png,Normal
Normal-1667.png,Normal
Normal-840.png,Normal
Normal-5758.png,Normal
Normal-8165.png,Normal
Normal-8147.png,Normal
Normal-2471.png,Normal
COVID-254.png,COVID
Normal-5422.png,Normal
Normal-767.png,Normal
Normal-3199.png,Normal
COVID-1223.png,COVID
Normal-2421.png,Normal
Normal-8085.png,Normal
Viral Pneumonia-898.png,Viral Pneumonia
COVID-3333.png,COVID
Normal-10031.png,Normal
Normal-7082.png,Normal
Normal-4968.png,Normal
Normal-2275.png,Normal
Normal-4969.png,Normal
COVID-210.png,COVID
Normal-7534.png,Normal
Normal-5846.png,Normal
Normal-9282.png,Normal
COVID-637.png,COVID
COVID-1722.png,COVID
COVID-1024.png,COVID
Normal-5330.png,Normal
Normal-3302.png,Normal
Normal-3918.png,Normal
Normal-3662.png,Normal
COVID-2908.png,COVID
COVID-2749.png,COVID
Normal-6665.png,Normal
Normal-6580.png,Normal
Viral Pneumonia-999.png,Viral Pneumonia
Viral Pneumonia-749.png,Viral Pneumonia
Viral Pneumonia-1031.png,Viral Pneumonia
Normal-4851.png,Normal
Normal-9171.png,Normal
Normal-3069.png,Normal
Normal-205.png,Normal
Normal-4946.png,Normal
Normal-2243.png,Normal
Viral Pneumonia-861.png,Viral Pneumonia
Normal-3211.png,Normal
Normal-7326.png,Normal
COVID-1435.png,COVID
Normal-6976.png,Normal
Normal-300.png,Normal
Normal-6623.png,Normal
Normal-5655.png,Normal
Viral Pneumonia-873.png,Viral Pneumonia
Viral Pneumonia-342.png,Viral Pneumonia
Normal-8987.png,Normal
COVID-183.png,COVID
Viral Pneumonia-320.png,Viral Pneumonia
COVID-505.png,COVID
COVID-725.png,COVID
Viral Pneumonia-1209.png,Viral Pneumonia
COVID-323.png,COVID
Normal-7510.png,Normal
Normal-7812.png,Normal
COVID-142.png,COVID
Viral Pneumonia-1123.png,Viral Pneumonia
Normal-2440.png,Normal
Normal-3440.png,Normal
COVID-3196.png,COVID
Viral Pneumonia-214.png,Viral Pneumonia
Normal-8341.png,Normal
COVID-2722.png,COVID
Normal-4799.png,Normal
COVID-2243.png,COVID
COVID-1760.png,COVID
Normal-8960.png,Normal
Viral Pneumonia-386.png,Viral Pneumonia
Normal-371.png,Normal
Normal-5759.png,Normal
COVID-3078.png,COVID
Normal-3943.png,Normal
Normal-5976.png,Normal
COVID-1204.png,COVID
COVID-914.png,COVID
Normal-1143.png,Normal
Normal-8205.png,Normal
COVID-1298.png,COVID
COVID-209.png,COVID
Normal-925.png,Normal
Normal-2384.png,Normal
Viral Pneumonia-1334.png,Viral Pneumonia
COVID-2571.png,COVID
Normal-7294.png,Normal
COVID-2523.png,COVID
Normal-5595.png,Normal
COVID-1127.png,COVID
Normal-778.png,Normal
Normal-2404.png,Normal
COVID-3054.png,COVID
Viral Pneumonia-92.png,Viral Pneumonia
Normal-4558.png,Normal
Normal-3984.png,Normal
Normal-7476.png,Normal
Normal-9630.png,Normal
COVID-158.png,COVID
Viral Pneumonia-1297.png,Viral Pneumonia
Viral Pneumonia-627.png,Viral Pneumonia
Normal-5297.png,Normal
Normal-9805.png,Normal
COVID-2573.png,COVID
Normal-7944.png,Normal
Normal-918.png,Normal
Normal-8672.png,Normal
Viral Pneumonia-114.png,Viral Pneumonia
Normal-3155.png,Normal
Normal-262.png,Normal
Viral Pneumonia-153.png,Viral Pneumonia
Normal-281.png,Normal
Normal-5640.png,Normal
Viral Pneumonia-457.png,Viral Pneumonia
Normal-9294.png,Normal
COVID-1136.png,COVID
Normal-578.png,Normal
Normal-3252.png,Normal
Normal-3921.png,Normal
Normal-8714.png,Normal
Normal-5091.png,Normal
Normal-7170.png,Normal
Normal-4822.png,Normal
COVID-3563.png,COVID
Normal-4826.png,Normal
Normal-4120.png,Normal
Normal-3141.png,Normal
Normal-8189.png,Normal
Normal-2325.png,Normal
Normal-2078.png,Normal
Viral Pneumonia-1085.png,Viral Pneumonia
Normal-6250.png,Normal
Normal-3549.png,Normal
Normal-2148.png,Normal
Normal-7373.png,Normal
COVID-3368.png,COVID
Viral Pneumonia-165.png,Viral Pneumonia
Normal-3873.png,Normal
Normal-8975.png,Normal
COVID-898.png,COVID
Viral Pneumonia-1173.png,Viral Pneumonia
Normal-4764.png,Normal
Normal-4444.png,Normal
COVID-1665.png,COVID
Normal-2021.png,Normal
Normal-6728.png,Normal
Normal-755.png,Normal
Normal-692.png,Normal
Normal-89.png,Normal
Normal-9844.png,Normal
Normal-4555.png,Normal
Normal-7204.png,Normal
Normal-1731.png,Normal
Viral Pneumonia-301.png,Viral Pneumonia
Normal-5986.png,Normal
Viral Pneumonia-942.png,Viral Pneumonia
Normal-3366.png,Normal
COVID-3195.png,COVID
Normal-3880.png,Normal
COVID-2687.png,COVID
COVID-2613.png,COVID
Normal-7841.png,Normal
Normal-1976.png,Normal
Normal-7483.png,Normal
Normal-3454.png,Normal
Normal-397.png,Normal
COVID-290.png,COVID
Normal-6276.png,Normal
Normal-2572.png,Normal
Viral Pneumonia-602.png,Viral Pneumonia
Normal-8146.png,Normal
Normal-8380.png,Normal
COVID-3198.png,COVID
Viral Pneumonia-464.png,Viral Pneumonia
COVID-3521.png,COVID
Normal-6895.png,Normal
COVID-477.png,COVID
COVID-692.png,COVID
COVID-3444.png,COVID
COVID-809.png,COVID
Normal-3542.png,Normal
Normal-4243.png,Normal
Normal-7898.png,Normal
Viral Pneumonia-888.png,Viral Pneumonia
Normal-8447.png,Normal
Normal-1496.png,Normal
COVID-3055.png,COVID
Normal-10172.png,Normal
COVID-2754.png,COVID
COVID-2167.png,COVID
Normal-8929.png,Normal
Normal-4815.png,Normal
Normal-7971.png,Normal
COVID-2589.png,COVID
Normal-7993.png,Normal
COVID-571.png,COVID
Normal-10037.png,Normal
COVID-3269.png,COVID
COVID-1723.png,COVID
Normal-6732.png,Normal
Normal-770.png,Normal
COVID-2080.png,COVID
Normal-6667.png,Normal
Normal-8993.png,Normal
Viral Pneumonia-664.png,Viral Pneumonia
COVID-3088.png,COVID
Normal-5806.png,Normal
Normal-4771.png,Normal
COVID-1629.png,COVID
Normal-2661.png,Normal
Normal-1331.png,Normal
COVID-1551.png,COVID
Normal-6681.png,Normal
COVID-1624.png,COVID
Viral Pneumonia-1274.png,Viral Pneumonia
Normal-9829.png,Normal
Normal-7072.png,Normal
Normal-8887.png,Normal
Normal-3721.png,Normal
Normal-9669.png,Normal
Normal-3922.png,Normal
Normal-3685.png,Normal
Normal-502.png,Normal
Normal-2944.png,Normal
COVID-985.png,COVID
Normal-7681.png,Normal
Normal-6673.png,Normal
COVID-140.png,COVID
Normal-4131.png,Normal
Normal-6702.png,Normal
Normal-9708.png,Normal
Normal-5747.png,Normal
Normal-574.png,Normal
Normal-881.png,Normal
Normal-5711.png,Normal
COVID-1160.png,COVID
Normal-2304.png,Normal
Normal-3691.png,Normal
COVID-771.png,COVID
COVID-807.png,COVID
COVID-1673.png,COVID
Normal-903.png,Normal
Normal-9198.png,Normal
Normal-4730.png,Normal
COVID-2235.png,COVID
Normal-2689.png,Normal
Normal-1414.png,Normal
Normal-8650.png,Normal
Viral Pneumonia-305.png,Viral Pneumonia
Normal-7593.png,Normal
Normal-6609.png,Normal
Normal-7174.png,Normal
Normal-1260.png,Normal
Normal-54.png,Normal
Normal-4652.png,Normal
COVID-2766.png,COVID
Normal-4980.png,Normal
Normal-4034.png,Normal
Normal-1190.png,Normal
COVID-1559.png,COVID
Normal-9283.png,Normal
COVID-291.png,COVID
Normal-6282.png,Normal
Normal-5095.png,Normal
Normal-5366.png,Normal
Normal-4900.png,Normal
Viral Pneumonia-655.png,Viral Pneumonia
Normal-4921.png,Normal
Normal-6379.png,Normal
Viral Pneumonia-1166.png,Viral Pneumonia
COVID-1804.png,COVID
Normal-1300.png,Normal
COVID-2255.png,COVID
COVID-1236.png,COVID
Normal-7293.png,Normal
COVID-615.png,COVID
Normal-4821.png,Normal
Normal-7645.png,Normal
Viral Pneumonia-968.png,Viral Pneumonia
COVID-1931.png,COVID
COVID-2238.png,COVID
COVID-1084.png,COVID
Normal-2985.png,Normal
Normal-946.png,Normal
Normal-8585.png,Normal
COVID-3060.png,COVID
Normal-5011.png,Normal
Normal-9489.png,Normal
Viral Pneumonia-1313.png,Viral Pneumonia
COVID-1142.png,COVID
Viral Pneumonia-941.png,Viral Pneumonia
COVID-2056.png,COVID
Normal-883.png,Normal
Normal-870.png,Normal
Normal-7849.png,Normal
Normal-7169.png,Normal
Normal-8365.png,Normal
Normal-5598.png,Normal
Normal-1785.png,Normal
Normal-1315.png,Normal
Normal-7270.png,Normal
Normal-270.png,Normal
Normal-5843.png,Normal
Normal-919.png,Normal
Normal-6290.png,Normal
Normal-5974.png,Normal
Normal-9348.png,Normal
Normal-9215.png,Normal
Normal-5008.png,Normal
Normal-4926.png,Normal
Normal-6584.png,Normal
Normal-8031.png,Normal
Normal-7814.png,Normal
Viral Pneumonia-470.png,Viral Pneumonia
Normal-8059.png,Normal
Normal-765.png,Normal
COVID-1091.png,COVID
Normal-9268.png,Normal
Normal-9320.png,Normal
Normal-5064.png,Normal
Normal-1168.png,Normal
Viral Pneumonia-1144.png,Viral Pneumonia
Normal-8826.png,Normal
Normal-2613.png,Normal
Viral Pneumonia-804.png,Viral Pneumonia
Normal-5501.png,Normal
Normal-8485.png,Normal
Normal-2033.png,Normal
Normal-9541.png,Normal
Normal-5706.png,Normal
Normal-2076.png,Normal
Normal-9508.png,Normal
COVID-2734.png,COVID
Normal-3788.png,Normal
Normal-6754.png,Normal
Viral Pneumonia-462.png,Viral Pneumonia
Normal-9547.png,Normal
Normal-8017.png,Normal
Normal-4875.png,Normal
Normal-2098.png,Normal
Normal-8848.png,Normal
Viral Pneumonia-23.png,Viral Pneumonia
Normal-6254.png,Normal
COVID-2696.png,COVID
Normal-7768.png,Normal
Normal-554.png,Normal
Normal-8004.png,Normal
Normal-1650.png,Normal
Normal-3437.png,Normal
Normal-1238.png,Normal
Normal-9678.png,Normal
Viral Pneumonia-1198.png,Viral Pneumonia
Normal-4130.png,Normal
Normal-9710.png,Normal
Normal-9674.png,Normal
COVID-1111.png,COVID
Normal-1831.png,Normal
COVID-1165.png,COVID
Viral Pneumonia-419.png,Viral Pneumonia
Normal-1619.png,Normal
COVID-534.png,COVID
Normal-945.png,Normal
COVID-1557.png,COVID
Normal-2986.png,Normal
Normal-6960.png,Normal
COVID-2673.png,COVID
COVID-1932.png,COVID
COVID-2185.png,COVID
Normal-1199.png,Normal
COVID-2866.png,COVID
Normal-4386.png,Normal
Normal-3480.png,Normal
Normal-9626.png,Normal
Normal-5651.png,Normal
Normal-6101.png,Normal
Normal-1112.png,Normal
Normal-3849.png,Normal
Normal-7258.png,Normal
Viral Pneumonia-779.png,Viral Pneumonia
Normal-2863.png,Normal
Normal-4844.png,Normal
Normal-7755.png,Normal
Normal-9905.png,Normal
Normal-1791.png,Normal
Normal-2189.png,Normal
Normal-7152.png,Normal
COVID-298.png,COVID
Normal-7621.png,Normal
Viral Pneumonia-226.png,Viral Pneumonia
Normal-4995.png,Normal
Normal-390.png,Normal
Normal-6666.png,Normal
Viral Pneumonia-277.png,Viral Pneumonia
Normal-606.png,Normal
Normal-2965.png,Normal
Viral Pneumonia-286.png,Viral Pneumonia
Normal-10004.png,Normal
Normal-5129.png,Normal
COVID-1769.png,COVID
Normal-911.png,Normal
COVID-1627.png,COVID
Normal-8609.png,Normal
Normal-7355.png,Normal
Normal-776.png,Normal
COVID-3129.png,COVID
COVID-2315.png,COVID
Normal-2313.png,Normal
Normal-612.png,Normal
Normal-6266.png,Normal
COVID-2884.png,COVID
Viral Pneumonia-19.png,Viral Pneumonia
Normal-2921.png,Normal
Normal-10001.png,Normal
Normal-5480.png,Normal
Normal-8832.png,Normal
Viral Pneumonia-1060.png,Viral Pneumonia
Normal-4055.png,Normal
COVID-3045.png,COVID
Normal-10072.png,Normal
Normal-10019.png,Normal
Normal-8314.png,Normal
Normal-5360.png,Normal
Normal-2541.png,Normal
Normal-10062.png,Normal
Normal-2118.png,Normal
Viral Pneumonia-1254.png,Viral Pneumonia
Normal-24.png,Normal
COVID-3061.png,COVID
Normal-449.png,Normal
COVID-2579.png,COVID
COVID-1096.png,COVID
Normal-1846.png,Normal
COVID-875.png,COVID
Normal-6182.png,Normal
Normal-8117.png,Normal
Normal-8162.png,Normal
Normal-2360.png,Normal
Normal-2246.png,Normal
COVID-2935.png,COVID
Normal-6008.png,Normal
Normal-9246.png,Normal
Viral Pneumonia-728.png,Viral Pneumonia
Normal-1239.png,Normal
Normal-7448.png,Normal
COVID-1152.png,COVID
COVID-2817.png,COVID
Normal-1124.png,Normal
Normal-8562.png,Normal
Normal-12.png,Normal
COVID-549.png,COVID
Normal-6750.png,Normal
Normal-9145.png,Normal
Normal-8978.png,Normal
COVID-932.png,COVID
Normal-8518.png,Normal
Normal-5573.png,Normal
Viral Pneumonia-731.png,Viral Pneumonia
Normal-3605.png,Normal
COVID-2661.png,COVID
Viral Pneumonia-512.png,Viral Pneumonia
COVID-2912.png,COVID
Normal-2299.png,Normal
Normal-5736.png,Normal
COVID-2692.png,COVID
COVID-2797.png,COVID
Normal-2113.png,Normal
Normal-3636.png,Normal
COVID-3258.png,COVID
Normal-3398.png,Normal
Normal-2554.png,Normal
COVID-365.png,COVID
Normal-5350.png,Normal
Normal-1307.png,Normal
Normal-548.png,Normal
Normal-9602.png,Normal
Normal-1.png,Normal
Normal-1225.png,Normal
Normal-3915.png,Normal
Normal-4750.png,Normal
Normal-1492.png,Normal
Normal-7828.png,Normal
Normal-6643.png,Normal
COVID-1336.png,COVID
Normal-6029.png,Normal
Normal-6563.png,Normal
COVID-3415.png,COVID
Normal-10180.png,Normal
Viral Pneumonia-1218.png,Viral Pneumonia
Viral Pneumonia-1028.png,Viral Pneumonia
Normal-8804.png,Normal
Normal-7329.png,Normal
COVID-1688.png,COVID
Normal-7285.png,Normal
Normal-2570.png,Normal
Normal-9175.png,Normal
Normal-5485.png,Normal
COVID-539.png,COVID
Normal-140.png,Normal
Normal-7001.png,Normal
Normal-346.png,Normal
Normal-3838.png,Normal
Normal-1624.png,Normal
Normal-7595.png,Normal
Normal-1282.png,Normal
Normal-6005.png,Normal
Normal-2901.png,Normal
Normal-1952.png,Normal
Normal-1595.png,Normal
Normal-1824.png,Normal
Viral Pneumonia-586.png,Viral Pneumonia
COVID-1445.png,COVID
Viral Pneumonia-1243.png,Viral Pneumonia
COVID-1957.png,COVID
Normal-8410.png,Normal
Normal-5372.png,Normal
Normal-5078.png,Normal
Normal-6298.png,Normal
Normal-2852.png,Normal
COVID-1797.png,COVID
COVID-855.png,COVID
Normal-8099.png,Normal
Normal-4916.png,Normal
Normal-2462.png,Normal
Normal-2013.png,Normal
COVID-1667.png,COVID
COVID-2493.png,COVID
Normal-7887.png,Normal
Normal-9227.png,Normal
Normal-8183.png,Normal
COVID-749.png,COVID
Normal-1861.png,Normal
Normal-8033.png,Normal
Normal-7837.png,Normal
Normal-4614.png,Normal
Normal-4070.png,Normal
Normal-5682.png,Normal
COVID-589.png,COVID
COVID-1653.png,COVID
Normal-1204.png,Normal
Normal-2571.png,Normal
Normal-7376.png,Normal
COVID-2699.png,COVID
Normal-7974.png,Normal
Normal-6072.png,Normal
COVID-426.png,COVID
Normal-7250.png,Normal
Normal-7699.png,Normal
COVID-3329.png,COVID
COVID-582.png,COVID
Normal-3521.png,Normal
Normal-3007.png,Normal
COVID-2986.png,COVID
COVID-1496.png,COVID
Normal-4653.png,Normal
Normal-3854.png,Normal
Viral Pneumonia-418.png,Viral Pneumonia
Normal-2547.png,Normal
Normal-6582.png,Normal
COVID-3308.png,COVID
Normal-4217.png,Normal
Normal-7230.png,Normal
Normal-9652.png,Normal
Normal-4804.png,Normal
Normal-5178.png,Normal
Viral Pneumonia-994.png,Viral Pneumonia
Viral Pneumonia-1155.png,Viral Pneumonia
COVID-1047.png,COVID
Normal-8246.png,Normal
Normal-3981.png,Normal
Normal-8588.png,Normal
Normal-5364.png,Normal
COVID-2263.png,COVID
Normal-3925.png,Normal
COVID-2190.png,COVID
Normal-3730.png,Normal
COVID-1070.png,COVID
Normal-8742.png,Normal
Normal-5438.png,Normal
Normal-430.png,Normal
Normal-9751.png,Normal
Normal-7417.png,Normal
Normal-816.png,Normal
COVID-3044.png,COVID
Viral Pneumonia-1227.png,Viral Pneumonia
Normal-4192.png,Normal
Normal-8545.png,Normal
Normal-6578.png,Normal
Normal-4605.png,Normal
Normal-8818.png,Normal
Normal-1827.png,Normal
Normal-4945.png,Normal
Viral Pneumonia-838.png,Viral Pneumonia
Normal-37.png,Normal
Normal-6268.png,Normal
Normal-2385.png,Normal
Normal-5093.png,Normal
COVID-690.png,COVID
Normal-8279.png,Normal
Normal-5467.png,Normal
Normal-9660.png,Normal
Normal-9803.png,Normal
Normal-615.png,Normal
Viral Pneumonia-73.png,Viral Pneumonia
Normal-5609.png,Normal
Normal-3459.png,Normal
Normal-6028.png,Normal
Normal-5634.png,Normal
Viral Pneumonia-248.png,Viral Pneumonia
Normal-3613.png,Normal
Viral Pneumonia-137.png,Viral Pneumonia
Normal-9721.png,Normal
Normal-8242.png,Normal
Normal-9567.png,Normal
Normal-8482.png,Normal
Normal-5100.png,Normal
COVID-2467.png,COVID
Normal-3188.png,Normal
Normal-9480.png,Normal
COVID-3311.png,COVID
Normal-4714.png,Normal
Normal-9214.png,Normal
Viral Pneumonia-959.png,Viral Pneumonia
COVID-2200.png,COVID
Normal-2631.png,Normal
COVID-730.png,COVID
Viral Pneumonia-1342.png,Viral Pneumonia
Normal-1716.png,Normal
Normal-7997.png,Normal
COVID-2532.png,COVID
Normal-8439.png,Normal
Normal-8769.png,Normal
Normal-1841.png,Normal
Normal-8094.png,Normal
Normal-6737.png,Normal
Normal-8630.png,Normal
Normal-1424.png,Normal
COVID-121.png,COVID
Normal-3447.png,Normal
Normal-3282.png,Normal
Normal-539.png,Normal
COVID-3430.png,COVID
COVID-3426.png,COVID
Normal-6213.png,Normal
COVID-1640.png,COVID
Normal-8660.png,Normal
Normal-3558.png,Normal
Normal-8765.png,Normal
COVID-2822.png,COVID
Normal-10077.png,Normal
COVID-3177.png,COVID
Normal-887.png,Normal
Normal-6968.png,Normal
COVID-1977.png,COVID
Normal-9589.png,Normal
Normal-3818.png,Normal
Normal-9677.png,Normal
Normal-5859.png,Normal
Normal-5036.png,Normal
Normal-3560.png,Normal
Normal-5902.png,Normal
Normal-4457.png,Normal
Normal-9690.png,Normal
Normal-7870.png,Normal
COVID-2802.png,COVID
Normal-3096.png,Normal
Normal-443.png,Normal
COVID-116.png,COVID
Normal-3445.png,Normal
Normal-2231.png,Normal
Normal-2776.png,Normal
COVID-1086.png,COVID
Normal-7405.png,Normal
Normal-842.png,Normal
Normal-3412.png,Normal
Normal-7059.png,Normal
Normal-6616.png,Normal
Normal-3365.png,Normal
COVID-1584.png,COVID
COVID-3467.png,COVID
Normal-4623.png,Normal
Normal-1265.png,Normal
Normal-898.png,Normal
Normal-9938.png,Normal
COVID-826.png,COVID
COVID-295.png,COVID
COVID-36.png,COVID
Normal-8243.png,Normal
Normal-3416.png,Normal
COVID-971.png,COVID
COVID-361.png,COVID
Normal-3830.png,Normal
Normal-6292.png,Normal
COVID-2121.png,COVID
Viral Pneumonia-902.png,Viral Pneumonia
COVID-1213.png,COVID
COVID-3086.png,COVID
Viral Pneumonia-737.png,Viral Pneumonia
COVID-2758.png,COVID
Normal-7547.png,Normal
Normal-7482.png,Normal
Normal-5374.png,Normal
Normal-5444.png,Normal
COVID-487.png,COVID
COVID-2678.png,COVID
Normal-7958.png,Normal
Normal-1725.png,Normal
Normal-2083.png,Normal
Normal-4343.png,Normal
Normal-5927.png,Normal
Viral Pneumonia-1314.png,Viral Pneumonia
COVID-587.png,COVID
COVID-2548.png,COVID
COVID-801.png,COVID
Normal-4418.png,Normal
Normal-6858.png,Normal
Normal-4809.png,Normal
Normal-1685.png,Normal
Viral Pneumonia-1330.png,Viral Pneumonia
Viral Pneumonia-339.png,Viral Pneumonia
Normal-4480.png,Normal
Normal-5543.png,Normal
Normal-8527.png,Normal
Normal-7187.png,Normal
Normal-186.png,Normal
Normal-6500.png,Normal
COVID-2891.png,COVID
Normal-408.png,Normal
Normal-7458.png,Normal
Normal-6177.png,Normal
Normal-4769.png,Normal
COVID-2489.png,COVID
Normal-6142.png,Normal
COVID-940.png,COVID
Normal-5779.png,Normal
Normal-2848.png,Normal
COVID-1479.png,COVID
Viral Pneumonia-179.png,Viral Pneumonia
Normal-8799.png,Normal
Normal-5387.png,Normal
Normal-5048.png,Normal
Normal-9253.png,Normal
Normal-2431.png,Normal
Normal-4138.png,Normal
Normal-2352.png,Normal
Normal-2696.png,Normal
Normal-4566.png,Normal
Normal-376.png,Normal
Normal-5407.png,Normal
COVID-1572.png,COVID
Normal-8853.png,Normal
COVID-744.png,COVID
COVID-2963.png,COVID
Normal-360.png,Normal
Normal-3768.png,Normal
Normal-8329.png,Normal
COVID-2911.png,COVID
Normal-288.png,Normal
Normal-2203.png,Normal
Normal-7087.png,Normal
Normal-2683.png,Normal
COVID-3298.png,COVID
COVID-24.png,COVID
Normal-7220.png,Normal
Normal-9782.png,Normal
COVID-1404.png,COVID
COVID-2303.png,COVID
Normal-5282.png,Normal
Normal-4782.png,Normal
Viral Pneumonia-540.png,Viral Pneumonia
Normal-8629.png,Normal
COVID-34.png,COVID
Normal-5327.png,Normal
Normal-915.png,Normal
Normal-740.png,Normal
Viral Pneumonia-568.png,Viral Pneumonia
Normal-970.png,Normal
Normal-1397.png,Normal
Normal-4423.png,Normal
Normal-8956.png,Normal
Normal-1557.png,Normal
Normal-9984.png,Normal
Normal-8153.png,Normal
Normal-7633.png,Normal
Viral Pneumonia-128.png,Viral Pneumonia
Normal-5689.png,Normal
Normal-9371.png,Normal
Normal-7653.png,Normal
Normal-8104.png,Normal
Normal-5710.png,Normal
Normal-5522.png,Normal
Normal-3742.png,Normal
Normal-307.png,Normal
Normal-1200.png,Normal
Normal-2140.png,Normal
Normal-8313.png,Normal
COVID-229.png,COVID
Normal-8675.png,Normal
COVID-1332.png,COVID
Normal-4619.png,Normal
Normal-6332.png,Normal
Normal-4332.png,Normal
Normal-9195.png,Normal
Normal-5857.png,Normal
Normal-1098.png,Normal
Normal-5972.png,Normal
Normal-544.png,Normal
COVID-887.png,COVID
COVID-841.png,COVID
Normal-9653.png,Normal
COVID-1521.png,COVID
Normal-303.png,Normal
COVID-76.png,COVID
Normal-5688.png,Normal
COVID-3239.png,COVID
Viral Pneumonia-422.png,Viral Pneumonia
Normal-7463.png,Normal
COVID-2633.png,COVID
Normal-8133.png,Normal
Normal-1877.png,Normal
Viral Pneumonia-889.png,Viral Pneumonia
Normal-8992.png,Normal
Normal-6491.png,Normal
Normal-8902.png,Normal
COVID-1810.png,COVID
Normal-431.png,Normal
Normal-9065.png,Normal
COVID-144.png,COVID
Normal-749.png,Normal
COVID-321.png,COVID
Normal-10093.png,Normal
Normal-3359.png,Normal
Normal-7184.png,Normal
Normal-1914.png,Normal
Normal-3221.png,Normal
Normal-6751.png,Normal
Normal-6402.png,Normal
Normal-8857.png,Normal
Normal-1537.png,Normal
Normal-9250.png,Normal
Normal-7839.png,Normal
Normal-9364.png,Normal
Normal-7607.png,Normal
Normal-7904.png,Normal
Normal-8319.png,Normal
Normal-9852.png,Normal
COVID-331.png,COVID
COVID-969.png,COVID
COVID-2136.png,COVID
Normal-3616.png,Normal
Normal-6460.png,Normal
Normal-180.png,Normal
COVID-51.png,COVID
Normal-2740.png,Normal
COVID-2201.png,COVID
Normal-2222.png,Normal
COVID-2917.png,COVID
COVID-474.png,COVID
Normal-5358.png,Normal
Normal-827.png,Normal
Normal-7399.png,Normal
Normal-3757.png,Normal
Normal-7674.png,Normal
Normal-9800.png,Normal
COVID-3482.png,COVID
Normal-4231.png,Normal
Normal-5905.png,Normal
COVID-2526.png,COVID
Normal-7241.png,Normal
COVID-820.png,COVID
Viral Pneumonia-995.png,Viral Pneumonia
Normal-2227.png,Normal
Normal-3842.png,Normal
Normal-9122.png,Normal
Normal-901.png,Normal
Normal-6810.png,Normal
Normal-3746.png,Normal
Normal-2097.png,Normal
Normal-2477.png,Normal
Viral Pneumonia-988.png,Viral Pneumonia
COVID-3507.png,COVID
Viral Pneumonia-852.png,Viral Pneumonia
Normal-3261.png,Normal
Normal-6648.png,Normal
Normal-2034.png,Normal
Normal-3345.png,Normal
COVID-2768.png,COVID
Normal-3947.png,Normal
Viral Pneumonia-312.png,Viral Pneumonia
Normal-4397.png,Normal
Normal-7488.png,Normal
Normal-5624.png,Normal
Normal-3005.png,Normal
Normal-10097.png,Normal
Normal-1487.png,Normal
Normal-3661.png,Normal
COVID-66.png,COVID
Normal-6080.png,Normal
Normal-8691.png,Normal
Normal-9388.png,Normal
Normal-4500.png,Normal
Normal-2796.png,Normal
Normal-395.png,Normal
Normal-5080.png,Normal
Normal-3450.png,Normal
Normal-2779.png,Normal
Normal-9700.png,Normal
Normal-9988.png,Normal
Normal-1169.png,Normal
Viral Pneumonia-937.png,Viral Pneumonia
Normal-10159.png,Normal
Normal-8884.png,Normal
COVID-1053.png,COVID
COVID-3011.png,COVID
Normal-1415.png,Normal
Normal-696.png,Normal
COVID-2944.png,COVID
Normal-5770.png,Normal
COVID-2720.png,COVID
Normal-4701.png,Normal
Viral Pneumonia-171.png,Viral Pneumonia
Normal-9305.png,Normal
Normal-4979.png,Normal
Normal-3716.png,Normal
COVID-139.png,COVID
COVID-1264.png,COVID
COVID-1214.png,COVID
Normal-1355.png,Normal
COVID-2868.png,COVID
COVID-1593.png,COVID
Viral Pneumonia-565.png,Viral Pneumonia
Normal-4446.png,Normal
COVID-420.png,COVID
Viral Pneumonia-628.png,Viral Pneumonia
Normal-831.png,Normal
Normal-5890.png,Normal
Normal-3067.png,Normal
Viral Pneumonia-1345.png,Viral Pneumonia
Normal-7491.png,Normal
Normal-1531.png,Normal
Normal-7824.png,Normal
COVID-2287.png,COVID
Viral Pneumonia-481.png,Viral Pneumonia
COVID-1608.png,COVID
Normal-9893.png,Normal
Normal-4521.png,Normal
Normal-549.png,Normal
Normal-2268.png,Normal
Normal-7146.png,Normal
Normal-8655.png,Normal
Normal-2904.png,Normal
Normal-1683.png,Normal
Normal-6242.png,Normal
Normal-9477.png,Normal
Normal-566.png,Normal
Normal-1836.png,Normal
Normal-856.png,Normal
Normal-8641.png,Normal
COVID-1048.png,COVID
Normal-3089.png,Normal
Normal-8828.png,Normal
Normal-1018.png,Normal
Normal-6132.png,Normal
Normal-7929.png,Normal
Normal-1061.png,Normal
Normal-4515.png,Normal
Normal-4873.png,Normal
Normal-7446.png,Normal
Normal-3796.png,Normal
Normal-2822.png,Normal
Normal-1491.png,Normal
Normal-5657.png,Normal
Normal-5202.png,Normal
Viral Pneumonia-823.png,Viral Pneumonia
Normal-3516.png,Normal
Normal-5039.png,Normal
COVID-106.png,COVID
Normal-9502.png,Normal
Normal-768.png,Normal
Normal-3604.png,Normal
Normal-272.png,Normal
Normal-10044.png,Normal
Normal-6659.png,Normal
Normal-9772.png,Normal
Normal-9353.png,Normal
Viral Pneumonia-1255.png,Viral Pneumonia
Viral Pneumonia-34.png,Viral Pneumonia
Normal-1476.png,Normal
Normal-163.png,Normal
COVID-2534.png,COVID
Viral Pneumonia-299.png,Viral Pneumonia
Normal-1461.png,Normal
Normal-2919.png,Normal
COVID-57.png,COVID
COVID-1301.png,COVID
Normal-266.png,Normal
Normal-4779.png,Normal
Normal-1542.png,Normal
Normal-5288.png,Normal
COVID-201.png,COVID
Normal-2138.png,Normal
Normal-5236.png,Normal
Normal-2000.png,Normal
Normal-482.png,Normal
Normal-370.png,Normal
COVID-1305.png,COVID
Normal-7916.png,Normal
Normal-1388.png,Normal
Normal-8847.png,Normal
COVID-2808.png,COVID
COVID-829.png,COVID
COVID-3035.png,COVID
Normal-8241.png,Normal
COVID-2496.png,COVID
Normal-4340.png,Normal
COVID-2682.png,COVID
Normal-7408.png,Normal
Normal-1039.png,Normal
Normal-6860.png,Normal
COVID-2100.png,COVID
COVID-1600.png,COVID
COVID-1950.png,COVID
Viral Pneumonia-502.png,Viral Pneumonia
Normal-2679.png,Normal
Normal-5860.png,Normal
Normal-1420.png,Normal
Viral Pneumonia-393.png,Viral Pneumonia
Normal-460.png,Normal
COVID-811.png,COVID
Normal-7259.png,Normal
COVID-2112.png,COVID
Normal-445.png,Normal
Normal-9991.png,Normal
Normal-1799.png,Normal
COVID-328.png,COVID
Viral Pneumonia-752.png,Viral Pneumonia
COVID-1993.png,COVID
COVID-147.png,COVID
Normal-2273.png,Normal
COVID-1419.png,COVID
COVID-1814.png,COVID
Viral Pneumonia-263.png,Viral Pneumonia
Normal-10133.png,Normal
COVID-2772.png,COVID
Normal-1944.png,Normal
Normal-1171.png,Normal
COVID-3227.png,COVID
Normal-5314.png,Normal
Normal-1663.png,Normal
COVID-1996.png,COVID
Normal-6504.png,Normal
Normal-8384.png,Normal
Normal-5462.png,Normal
Normal-6793.png,Normal
Normal-1073.png,Normal
COVID-3384.png,COVID
Normal-1585.png,Normal
Normal-1019.png,Normal
Normal-7287.png,Normal
COVID-1426.png,COVID
Normal-4892.png,Normal
COVID-2045.png,COVID
COVID-3363.png,COVID
Normal-6309.png,Normal
Viral Pneumonia-704.png,Viral Pneumonia
Viral Pneumonia-26.png,Viral Pneumonia
Normal-4802.png,Normal
Viral Pneumonia-1325.png,Viral Pneumonia
COVID-1036.png,COVID
Normal-2839.png,Normal
Normal-4908.png,Normal
Normal-6313.png,Normal
Normal-9465.png,Normal
Viral Pneumonia-960.png,Viral Pneumonia
Normal-2010.png,Normal
Normal-8513.png,Normal
COVID-1219.png,COVID
COVID-3532.png,COVID
Normal-4429.png,Normal
Normal-5727.png,Normal
Normal-688.png,Normal
Normal-6302.png,Normal
COVID-2101.png,COVID
Viral Pneumonia-836.png,Viral Pneumonia
COVID-1067.png,COVID
COVID-1520.png,COVID
Normal-6861.png,Normal
Normal-1929.png,Normal
COVID-3009.png,COVID
Normal-8677.png,Normal
COVID-2689.png,COVID
Normal-5163.png,Normal
Normal-9788.png,Normal
Normal-8750.png,Normal
Normal-7352.png,Normal
Normal-5195.png,Normal
COVID-626.png,COVID
Normal-713.png,Normal
COVID-2576.png,COVID
COVID-2204.png,COVID
Normal-9026.png,Normal
Normal-4591.png,Normal
Normal-5597.png,Normal
Normal-2214.png,Normal
Viral Pneumonia-882.png,Viral Pneumonia
Normal-3342.png,Normal
Normal-2425.png,Normal
COVID-3601.png,COVID
Normal-5804.png,Normal
Normal-4667.png,Normal
Normal-1042.png,Normal
Normal-6814.png,Normal
Normal-4582.png,Normal
Normal-9963.png,Normal
Normal-8175.png,Normal
COVID-2258.png,COVID
Normal-7211.png,Normal
Normal-3026.png,Normal
Normal-9597.png,Normal
Normal-3783.png,Normal
COVID-2340.png,COVID
Normal-1028.png,Normal
Normal-2674.png,Normal
Viral Pneumonia-1338.png,Viral Pneumonia
Normal-1391.png,Normal
COVID-1875.png,COVID
COVID-2372.png,COVID
Normal-8098.png,Normal
Normal-9173.png,Normal
Normal-1354.png,Normal
COVID-1588.png,COVID
COVID-2753.png,COVID
Normal-3337.png,Normal
COVID-3179.png,COVID
Viral Pneumonia-835.png,Viral Pneumonia
Normal-9138.png,Normal
Normal-3436.png,Normal
Normal-3144.png,Normal
COVID-1387.png,COVID
Normal-7226.png,Normal
Normal-2789.png,Normal
Normal-10060.png,Normal
COVID-1114.png,COVID
COVID-2207.png,COVID
COVID-2809.png,COVID
COVID-831.png,COVID
Normal-6828.png,Normal
Normal-4428.png,Normal
Normal-3511.png,Normal
Normal-4320.png,Normal
Normal-6701.png,Normal
COVID-299.png,COVID
Normal-3409.png,Normal
Normal-5755.png,Normal
Viral Pneumonia-976.png,Viral Pneumonia
COVID-3429.png,COVID
COVID-1055.png,COVID
Normal-4805.png,Normal
Normal-745.png,Normal
Normal-6089.png,Normal
COVID-3281.png,COVID
Normal-9813.png,Normal
Viral Pneumonia-330.png,Viral Pneumonia
Normal-4994.png,Normal
Normal-7959.png,Normal
Viral Pneumonia-1053.png,Viral Pneumonia
Normal-4272.png,Normal
Normal-8947.png,Normal
Normal-7.png,Normal
Viral Pneumonia-788.png,Viral Pneumonia
Normal-4928.png,Normal
Normal-9824.png,Normal
COVID-2208.png,COVID
COVID-2993.png,COVID
Normal-989.png,Normal
Viral Pneumonia-253.png,Viral Pneumonia
COVID-3274.png,COVID
Normal-7264.png,Normal
Normal-5012.png,Normal
Viral Pneumonia-430.png,Viral Pneumonia
Normal-4241.png,Normal
Normal-10192.png,Normal
Viral Pneumonia-993.png,Viral Pneumonia
Normal-4366.png,Normal
COVID-979.png,COVID
COVID-2179.png,COVID
COVID-1947.png,COVID
Normal-747.png,Normal
COVID-1545.png,COVID
Normal-7163.png,Normal
Normal-1192.png,Normal
Normal-9693.png,Normal
Normal-2800.png,Normal
Normal-1516.png,Normal
Normal-10118.png,Normal
Normal-6042.png,Normal
COVID-1151.png,COVID
Normal-2028.png,Normal
COVID-468.png,COVID
Normal-9457.png,Normal
Normal-10122.png,Normal
COVID-2343.png,COVID
Normal-9717.png,Normal
Normal-9160.png,Normal
Normal-5134.png,Normal
Viral Pneumonia-399.png,Viral Pneumonia
COVID-756.png,COVID
COVID-481.png,COVID
Normal-4189.png,Normal
COVID-736.png,COVID
Normal-8400.png,Normal
COVID-1230.png,COVID
Normal-1776.png,Normal
COVID-1604.png,COVID
Normal-30.png,Normal
Normal-1596.png,Normal
Normal-5065.png,Normal
COVID-16.png,COVID
Normal-6417.png,Normal
Viral Pneumonia-1270.png,Viral Pneumonia
Normal-8897.png,Normal
COVID-3294.png,COVID
Normal-4247.png,Normal
Viral Pneumonia-1300.png,Viral Pneumonia
Normal-5571.png,Normal
Normal-5499.png,Normal
Normal-8262.png,Normal
Viral Pneumonia-909.png,Viral Pneumonia
Normal-5987.png,Normal
Normal-8356.png,Normal
Viral Pneumonia-1017.png,Viral Pneumonia
Normal-5702.png,Normal
COVID-745.png,COVID
Normal-4753.png,Normal
Normal-9509.png,Normal
Normal-8755.png,Normal
COVID-1832.png,COVID
Normal-3577.png,Normal
Normal-7867.png,Normal
COVID-568.png,COVID
COVID-1470.png,COVID
Viral Pneumonia-1202.png,Viral Pneumonia
Normal-10147.png,Normal
Normal-2826.png,Normal
Normal-1696.png,Normal
COVID-698.png,COVID
Normal-9366.png,Normal
Normal-9482.png,Normal
COVID-1736.png,COVID
Normal-6084.png,Normal
Viral Pneumonia-70.png,Viral Pneumonia
Normal-1194.png,Normal
Normal-9958.png,Normal
Normal-7042.png,Normal
Normal-8163.png,Normal
Normal-1186.png,Normal
Normal-6365.png,Normal
Normal-6487.png,Normal
Normal-583.png,Normal
Normal-3660.png,Normal
Normal-8722.png,Normal
Normal-7835.png,Normal
Normal-8073.png,Normal
Normal-2260.png,Normal
Viral Pneumonia-1288.png,Viral Pneumonia
Viral Pneumonia-1131.png,Viral Pneumonia
Normal-8863.png,Normal
Viral Pneumonia-1026.png,Viral Pneumonia
Normal-5673.png,Normal
Normal-580.png,Normal
Normal-8089.png,Normal
COVID-1836.png,COVID
COVID-2270.png,COVID
Normal-1713.png,Normal
Normal-2961.png,Normal
Normal-5699.png,Normal
COVID-1200.png,COVID
Normal-7139.png,Normal
COVID-1477.png,COVID
Normal-2887.png,Normal
COVID-186.png,COVID
Normal-4447.png,Normal
COVID-1286.png,COVID
Normal-8852.png,Normal
Normal-7855.png,Normal
Normal-8230.png,Normal
COVID-3452.png,COVID
Normal-4496.png,Normal
COVID-3442.png,COVID
Normal-5653.png,Normal
Normal-7876.png,Normal
COVID-1907.png,COVID
Normal-734.png,Normal
Normal-6192.png,Normal
Normal-3384.png,Normal
Normal-6426.png,Normal
Normal-9614.png,Normal
Normal-655.png,Normal
Normal-7202.png,Normal
Normal-3819.png,Normal
Viral Pneumonia-1301.png,Viral Pneumonia
COVID-2968.png,COVID
COVID-274.png,COVID
Normal-6304.png,Normal
Normal-6942.png,Normal
COVID-214.png,COVID
Normal-739.png,Normal
Normal-9081.png,Normal
COVID-1879.png,COVID
Normal-7480.png,Normal
Normal-5939.png,Normal
Normal-2247.png,Normal
Normal-6647.png,Normal
Viral Pneumonia-1051.png,Viral Pneumonia
COVID-2521.png,COVID
Normal-5334.png,Normal
COVID-1212.png,COVID
Viral Pneumonia-615.png,Viral Pneumonia
Normal-4325.png,Normal
Normal-2320.png,Normal
Normal-1518.png,Normal
Normal-3190.png,Normal
Normal-7733.png,Normal
Normal-4329.png,Normal
COVID-2374.png,COVID
Normal-7240.png,Normal
COVID-198.png,COVID
Normal-4780.png,Normal
Normal-3927.png,Normal
Normal-9378.png,Normal
Viral Pneumonia-770.png,Viral Pneumonia
Normal-1220.png,Normal
Normal-4864.png,Normal
Normal-7987.png,Normal
Normal-9387.png,Normal
Normal-2042.png,Normal
Normal-7567.png,Normal
Normal-8247.png,Normal
Normal-5619.png,Normal
Normal-1567.png,Normal
Normal-937.png,Normal
Viral Pneumonia-61.png,Viral Pneumonia
Normal-1500.png,Normal
Normal-2383.png,Normal
Normal-9182.png,Normal
Normal-5459.png,Normal
Normal-8783.png,Normal
Normal-8040.png,Normal
COVID-1606.png,COVID
Viral Pneumonia-1152.png,Viral Pneumonia
Normal-9655.png,Normal
Normal-4869.png,Normal
Normal-9950.png,Normal
Normal-7026.png,Normal
Normal-9989.png,Normal
Viral Pneumonia-584.png,Viral Pneumonia
Normal-6264.png,Normal
Normal-6432.png,Normal
Normal-3844.png,Normal
Normal-6766.png,Normal
Normal-563.png,Normal
COVID-3603.png,COVID
COVID-3188.png,COVID
COVID-2239.png,COVID
Normal-5915.png,Normal
Normal-6734.png,Normal
Viral Pneumonia-1190.png,Viral Pneumonia
Normal-6051.png,Normal
COVID-872.png,COVID
COVID-2259.png,COVID
COVID-1385.png,COVID
Normal-8411.png,Normal
Normal-7954.png,Normal
Normal-7228.png,Normal
COVID-235.png,COVID
Normal-2886.png,Normal
Normal-6804.png,Normal
Normal-9545.png,Normal
Normal-9644.png,Normal
Viral Pneumonia-990.png,Viral Pneumonia
COVID-794.png,COVID
Normal-3576.png,Normal
COVID-3497.png,COVID
Normal-850.png,Normal
Viral Pneumonia-392.png,Viral Pneumonia
COVID-537.png,COVID
COVID-3553.png,COVID
COVID-2358.png,COVID
COVID-2175.png,COVID
Viral Pneumonia-65.png,Viral Pneumonia
COVID-1827.png,COVID
COVID-2260.png,COVID
Normal-3782.png,Normal
COVID-248.png,COVID
Viral Pneumonia-609.png,Viral Pneumonia
Viral Pneumonia-845.png,Viral Pneumonia
COVID-648.png,COVID
COVID-2994.png,COVID
Normal-966.png,Normal
Viral Pneumonia-257.png,Viral Pneumonia
Normal-7608.png,Normal
Normal-6457.png,Normal
Normal-4947.png,Normal
Normal-7549.png,Normal
Normal-4513.png,Normal
Normal-7907.png,Normal
COVID-444.png,COVID
Normal-1452.png,Normal
COVID-3131.png,COVID
Normal-7895.png,Normal
Normal-8915.png,Normal
Viral Pneumonia-747.png,Viral Pneumonia
Viral Pneumonia-374.png,Viral Pneumonia
COVID-3141.png,COVID
Viral Pneumonia-400.png,Viral Pneumonia
COVID-3007.png,COVID
Normal-2927.png,Normal
Normal-9783.png,Normal
Normal-8047.png,Normal
Normal-5005.png,Normal
Normal-8844.png,Normal
COVID-992.png,COVID
Viral Pneumonia-116.png,Viral Pneumonia
COVID-2864.png,COVID
COVID-127.png,COVID
Normal-1673.png,Normal
COVID-3100.png,COVID
Viral Pneumonia-726.png,Viral Pneumonia
Viral Pneumonia-1260.png,Viral Pneumonia
Normal-3641.png,Normal
Normal-7984.png,Normal
Normal-53.png,Normal
Viral Pneumonia-449.png,Viral Pneumonia
Normal-9869.png,Normal
COVID-2327.png,COVID
Viral Pneumonia-199.png,Viral Pneumonia
Normal-750.png,Normal
Normal-801.png,Normal
Normal-8907.png,Normal
Normal-6785.png,Normal
Viral Pneumonia-760.png,Viral Pneumonia
Normal-9029.png,Normal
Normal-5136.png,Normal
Normal-3027.png,Normal
Normal-6229.png,Normal
Normal-7802.png,Normal
COVID-160.png,COVID
COVID-200.png,COVID
Normal-5351.png,Normal
Normal-417.png,Normal
Normal-9956.png,Normal
Normal-4696.png,Normal
Normal-6025.png,Normal
COVID-735.png,COVID
Normal-4291.png,Normal
COVID-3480.png,COVID
Normal-2137.png,Normal
Normal-4920.png,Normal
Normal-3841.png,Normal
Normal-6989.png,Normal
Normal-9591.png,Normal
Normal-8616.png,Normal
Normal-9014.png,Normal
Normal-8810.png,Normal
Normal-4506.png,Normal
COVID-3168.png,COVID
Viral Pneumonia-532.png,Viral Pneumonia
Normal-6646.png,Normal
Normal-5815.png,Normal
Normal-3696.png,Normal
COVID-2719.png,COVID
COVID-1494.png,COVID
Normal-1488.png,Normal
COVID-446.png,COVID
Normal-2777.png,Normal
Normal-5194.png,Normal
Normal-2305.png,Normal
Normal-5283.png,Normal
COVID-233.png,COVID
COVID-3403.png,COVID
Normal-5997.png,Normal
Normal-4855.png,Normal
Normal-1189.png,Normal
COVID-3472.png,COVID
COVID-2775.png,COVID
Viral Pneumonia-829.png,Viral Pneumonia
Normal-5641.png,Normal
Normal-6361.png,Normal
Normal-4522.png,Normal
Normal-4014.png,Normal
Normal-8257.png,Normal
Normal-3068.png,Normal
COVID-2840.png,COVID
Normal-5292.png,Normal
Normal-4589.png,Normal
Viral Pneumonia-510.png,Viral Pneumonia
Normal-6652.png,Normal
COVID-3386.png,COVID
Normal-9546.png,Normal
Normal-605.png,Normal
COVID-1065.png,COVID
Normal-3990.png,Normal
COVID-241.png,COVID
COVID-1882.png,COVID
Normal-6247.png,Normal
COVID-2611.png,COVID
Normal-3293.png,Normal
Normal-5452.png,Normal
COVID-984.png,COVID
Normal-3430.png,Normal
Normal-2832.png,Normal
Normal-308.png,Normal
Normal-8101.png,Normal
Normal-7100.png,Normal
COVID-461.png,COVID
Viral Pneumonia-3.png,Viral Pneumonia
Normal-6835.png,Normal
COVID-1427.png,COVID
Normal-1327.png,Normal
Viral Pneumonia-425.png,Viral Pneumonia
Normal-5570.png,Normal
COVID-1226.png,COVID
Normal-7869.png,Normal
Normal-9053.png,Normal
Normal-1712.png,Normal
Normal-4145.png,Normal
Normal-4759.png,Normal
COVID-1322.png,COVID
Normal-9917.png,Normal
Normal-6199.png,Normal
Normal-8868.png,Normal
Viral Pneumonia-1130.png,Viral Pneumonia
Viral Pneumonia-570.png,Viral Pneumonia
Normal-5368.png,Normal
COVID-3109.png,COVID
Normal-101.png,Normal
Viral Pneumonia-47.png,Viral Pneumonia
Normal-3743.png,Normal
Viral Pneumonia-965.png,Viral Pneumonia
Normal-2170.png,Normal
Normal-5594.png,Normal
Normal-2485.png,Normal
COVID-3236.png,COVID
Normal-1724.png,Normal
Normal-3486.png,Normal
Viral Pneumonia-271.png,Viral Pneumonia
COVID-1381.png,COVID
COVID-716.png,COVID
Viral Pneumonia-946.png,Viral Pneumonia
Normal-8551.png,Normal
Normal-1910.png,Normal
Normal-6397.png,Normal
Normal-9648.png,Normal
Normal-953.png,Normal
Normal-5990.png,Normal
Normal-9097.png,Normal
COVID-2131.png,COVID
COVID-3074.png,COVID
Normal-6746.png,Normal
Normal-8560.png,Normal
Normal-1933.png,Normal
Normal-7369.png,Normal
Normal-3011.png,Normal
COVID-2393.png,COVID
Normal-2685.png,Normal
Normal-7380.png,Normal
Viral Pneumonia-890.png,Viral Pneumonia
Normal-1403.png,Normal
Normal-7037.png,Normal
Normal-4298.png,Normal
Normal-7137.png,Normal
Normal-9136.png,Normal
Normal-9880.png,Normal
Normal-2782.png,Normal
COVID-2304.png,COVID
Normal-3738.png,Normal
Normal-8952.png,Normal
Normal-2323.png,Normal
Normal-8819.png,Normal
COVID-667.png,COVID
Normal-6507.png,Normal
Normal-3434.png,Normal
Normal-8776.png,Normal
Normal-42.png,Normal
COVID-2126.png,COVID
Normal-510.png,Normal
Normal-8026.png,Normal
Normal-3964.png,Normal
Viral Pneumonia-180.png,Viral Pneumonia
COVID-306.png,COVID
COVID-790.png,COVID
Normal-4901.png,Normal
Normal-3175.png,Normal
Normal-5169.png,Normal
Viral Pneumonia-688.png,Viral Pneumonia
Normal-4590.png,Normal
Normal-7636.png,Normal
COVID-1846.png,COVID
Normal-1155.png,Normal
Normal-8843.png,Normal
COVID-2192.png,COVID
Normal-7033.png,Normal
Normal-2121.png,Normal
COVID-3021.png,COVID
Normal-3601.png,Normal
Normal-8825.png,Normal
Viral Pneumonia-10.png,Viral Pneumonia
Normal-2024.png,Normal
Normal-5075.png,Normal
Normal-1923.png,Normal
Normal-9101.png,Normal
Normal-1553.png,Normal
COVID-40.png,COVID
Normal-1330.png,Normal
Viral Pneumonia-690.png,Viral Pneumonia
Normal-8381.png,Normal
COVID-406.png,COVID
Normal-7583.png,Normal
Normal-3840.png,Normal
COVID-1400.png,COVID
Normal-9611.png,Normal
COVID-3097.png,COVID
Normal-5321.png,Normal
Normal-4810.png,Normal
Normal-6501.png,Normal
Normal-790.png,Normal
Normal-5206.png,Normal
COVID-1454.png,COVID
COVID-3590.png,COVID
Normal-2552.png,Normal
Normal-3811.png,Normal
Viral Pneumonia-287.png,Viral Pneumonia
Normal-10108.png,Normal
Viral Pneumonia-273.png,Viral Pneumonia
COVID-1468.png,COVID
Viral Pneumonia-295.png,Viral Pneumonia
COVID-3137.png,COVID
Normal-4164.png,Normal
Viral Pneumonia-613.png,Viral Pneumonia
Normal-190.png,Normal
Normal-10071.png,Normal
Normal-9079.png,Normal
Normal-2916.png,Normal
Normal-9909.png,Normal
Normal-8564.png,Normal
Viral Pneumonia-806.png,Viral Pneumonia
Normal-3233.png,Normal
Normal-890.png,Normal
Normal-6664.png,Normal
Normal-9986.png,Normal
COVID-2790.png,COVID
Normal-9622.png,Normal
Normal-6813.png,Normal
COVID-3321.png,COVID
COVID-2481.png,COVID
COVID-2108.png,COVID
Normal-9038.png,Normal
COVID-3331.png,COVID
Normal-10033.png,Normal
Normal-7682.png,Normal
Normal-2368.png,Normal
COVID-2049.png,COVID
Normal-4789.png,Normal
Viral Pneumonia-824.png,Viral Pneumonia
Viral Pneumonia-776.png,Viral Pneumonia
Normal-9629.png,Normal
COVID-3511.png,COVID
Normal-8196.png,Normal
Normal-7409.png,Normal
Viral Pneumonia-1126.png,Viral Pneumonia
Normal-7893.png,Normal
COVID-1231.png,COVID
Normal-8078.png,Normal
Viral Pneumonia-579.png,Viral Pneumonia
COVID-1375.png,COVID
COVID-919.png,COVID
COVID-714.png,COVID
COVID-2961.png,COVID
Normal-5517.png,Normal
Normal-6645.png,Normal
Normal-1345.png,Normal
Normal-8352.png,Normal
Viral Pneumonia-832.png,Viral Pneumonia
Normal-7199.png,Normal
Viral Pneumonia-1289.png,Viral Pneumonia
Normal-2136.png,Normal
Normal-2248.png,Normal
Normal-2488.png,Normal
Normal-3264.png,Normal
Viral Pneumonia-144.png,Viral Pneumonia
COVID-199.png,COVID
Normal-10161.png,Normal
Normal-7730.png,Normal
COVID-1327.png,COVID
Normal-5212.png,Normal
Normal-2265.png,Normal
COVID-2973.png,COVID
Normal-7590.png,Normal
Viral Pneumonia-1340.png,Viral Pneumonia
Normal-1324.png,Normal
COVID-1696.png,COVID
Normal-3929.png,Normal
COVID-494.png,COVID
Normal-188.png,Normal
Normal-964.png,Normal
Normal-6864.png,Normal
Normal-6908.png,Normal
Normal-2505.png,Normal
Viral Pneumonia-807.png,Viral Pneumonia
COVID-1505.png,COVID
COVID-2777.png,COVID
Viral Pneumonia-302.png,Viral Pneumonia
Normal-7566.png,Normal
Normal-3154.png,Normal
COVID-1202.png,COVID
Normal-2579.png,Normal
COVID-3416.png,COVID
Normal-1520.png,Normal
Normal-9112.png,Normal
Normal-4484.png,Normal
Normal-3108.png,Normal
Normal-671.png,Normal
Normal-7218.png,Normal
Normal-7406.png,Normal
Normal-5880.png,Normal
Normal-7925.png,Normal
COVID-3199.png,COVID
Normal-9990.png,Normal
Normal-2537.png,Normal
Normal-2240.png,Normal
Viral Pneumonia-483.png,Viral Pneumonia
Normal-8347.png,Normal
Normal-9501.png,Normal
Normal-6694.png,Normal
Normal-8580.png,Normal
Normal-3860.png,Normal
Normal-4535.png,Normal
COVID-2183.png,COVID
Normal-9476.png,Normal
COVID-2346.png,COVID
Normal-7473.png,Normal
Normal-4205.png,Normal
Normal-4711.png,Normal
Normal-741.png,Normal
Normal-1681.png,Normal
Normal-5211.png,Normal
COVID-3459.png,COVID
Normal-3856.png,Normal
Viral Pneumonia-110.png,Viral Pneumonia
COVID-617.png,COVID
Normal-546.png,Normal
Viral Pneumonia-625.png,Viral Pneumonia
Normal-6474.png,Normal
Normal-9417.png,Normal
Normal-9491.png,Normal
Normal-992.png,Normal
COVID-440.png,COVID
Normal-2660.png,Normal
COVID-2246.png,COVID
Normal-400.png,Normal
Normal-4448.png,Normal
Normal-478.png,Normal
Normal-3871.png,Normal
Normal-5062.png,Normal
COVID-232.png,COVID
COVID-2969.png,COVID
Normal-6341.png,Normal
COVID-3257.png,COVID
Normal-3032.png,Normal
Normal-5009.png,Normal
Normal-3176.png,Normal
Normal-6210.png,Normal
COVID-1902.png,COVID
Normal-1893.png,Normal
Normal-3478.png,Normal
Normal-9711.png,Normal
Normal-4155.png,Normal
Normal-5491.png,Normal
Viral Pneumonia-77.png,Viral Pneumonia
Normal-7455.png,Normal
Normal-3425.png,Normal
Normal-3107.png,Normal
COVID-2230.png,COVID
COVID-2736.png,COVID
Viral Pneumonia-1251.png,Viral Pneumonia
Normal-3076.png,Normal
Normal-9027.png,Normal
Normal-1632.png,Normal
COVID-1045.png,COVID
Normal-2575.png,Normal
Normal-7966.png,Normal
Viral Pneumonia-1252.png,Viral Pneumonia
COVID-2122.png,COVID
Normal-9338.png,Normal
Normal-984.png,Normal
Normal-833.png,Normal
Normal-2074.png,Normal
COVID-2676.png,COVID
COVID-1278.png,COVID
Normal-8337.png,Normal
Normal-6775.png,Normal
Normal-8661.png,Normal
Normal-33.png,Normal
Normal-8706.png,Normal
Normal-4846.png,Normal
Normal-2759.png,Normal
Normal-614.png,Normal
Normal-7091.png,Normal
COVID-1250.png,COVID
Normal-6730.png,Normal
Normal-4755.png,Normal
Normal-7983.png,Normal
COVID-717.png,COVID
Normal-7571.png,Normal
COVID-3142.png,COVID
Normal-4365.png,Normal
Normal-4019.png,Normal
Normal-562.png,Normal
Normal-716.png,Normal
Normal-8855.png,Normal
Normal-2899.png,Normal
Normal-7732.png,Normal
COVID-2272.png,COVID
Normal-9074.png,Normal
Normal-6848.png,Normal
Normal-1185.png,Normal
Normal-9759.png,Normal
Normal-9403.png,Normal
Normal-9885.png,Normal
Normal-286.png,Normal
Normal-8015.png,Normal
Normal-385.png,Normal
Normal-719.png,Normal
Normal-9436.png,Normal
COVID-555.png,COVID
Normal-9664.png,Normal
Normal-4502.png,Normal
COVID-1291.png,COVID
Viral Pneumonia-506.png,Viral Pneumonia
Viral Pneumonia-686.png,Viral Pneumonia
COVID-2400.png,COVID
Normal-9874.png,Normal
COVID-1801.png,COVID
Normal-6711.png,Normal
Viral Pneumonia-95.png,Viral Pneumonia
Viral Pneumonia-267.png,Viral Pneumonia
Normal-9435.png,Normal
Normal-8201.png,Normal
Normal-8280.png,Normal
Normal-5502.png,Normal
Normal-1536.png,Normal
Normal-9789.png,Normal
Normal-7542.png,Normal
Normal-10154.png,Normal
COVID-1871.png,COVID
Viral Pneumonia-187.png,Viral Pneumonia
Normal-7506.png,Normal
Normal-1746.png,Normal
Viral Pneumonia-665.png,Viral Pneumonia
Normal-1617.png,Normal
COVID-3490.png,COVID
Normal-5451.png,Normal
Normal-319.png,Normal
Normal-8695.png,Normal
COVID-1209.png,COVID
COVID-2154.png,COVID
Normal-4150.png,Normal
Viral Pneumonia-357.png,Viral Pneumonia
Normal-2114.png,Normal
Normal-231.png,Normal
Normal-1382.png,Normal
Normal-3694.png,Normal
Normal-2292.png,Normal
Normal-4126.png,Normal
COVID-3410.png,COVID
Normal-5079.png,Normal
Normal-6979.png,Normal
Normal-2645.png,Normal
Normal-1347.png,Normal
COVID-1308.png,COVID
Normal-6286.png,Normal
COVID-3158.png,COVID
COVID-1442.png,COVID
Normal-5551.png,Normal
Normal-3378.png,Normal
Normal-948.png,Normal
Normal-8254.png,Normal
Normal-87.png,Normal
Normal-8154.png,Normal
Normal-3817.png,Normal
Normal-6763.png,Normal
COVID-2411.png,COVID
Normal-469.png,Normal
Normal-540.png,Normal
Normal-5118.png,Normal
COVID-223.png,COVID
Normal-9925.png,Normal
Normal-6548.png,Normal
Normal-4027.png,Normal
Normal-359.png,Normal
Normal-2853.png,Normal
COVID-3047.png,COVID
Normal-5022.png,Normal
COVID-3207.png,COVID
Normal-4847.png,Normal
COVID-2389.png,COVID
Normal-483.png,Normal
COVID-3171.png,COVID
Normal-1428.png,Normal
Normal-6314.png,Normal
COVID-3423.png,COVID
Normal-6036.png,Normal
Normal-3877.png,Normal
COVID-857.png,COVID
Normal-5156.png,Normal
Normal-7998.png,Normal
Normal-690.png,Normal
Normal-9035.png,Normal
Normal-5158.png,Normal
Normal-6090.png,Normal
Viral Pneumonia-1290.png,Viral Pneumonia
Normal-1100.png,Normal
Normal-2584.png,Normal
COVID-2234.png,COVID
Normal-8796.png,Normal
COVID-2129.png,COVID
Normal-3772.png,Normal
COVID-3394.png,COVID
Normal-8398.png,Normal
Normal-9627.png,Normal
Normal-6634.png,Normal
Normal-2482.png,Normal
COVID-2015.png,COVID
Normal-8761.png,Normal
COVID-2878.png,COVID
Normal-3904.png,Normal
Normal-5771.png,Normal
COVID-2322.png,COVID
Normal-5453.png,Normal
Normal-8461.png,Normal
Normal-4635.png,Normal
Normal-6220.png,Normal
Viral Pneumonia-1046.png,Viral Pneumonia
Normal-5203.png,Normal
Normal-7931.png,Normal
Normal-4531.png,Normal
COVID-3361.png,COVID
Normal-6161.png,Normal
Normal-7632.png,Normal
COVID-557.png,COVID
COVID-1918.png,COVID
COVID-1844.png,COVID
Normal-8553.png,Normal
Normal-5592.png,Normal
Normal-616.png,Normal
COVID-1124.png,COVID
Normal-1697.png,Normal
COVID-392.png,COVID
COVID-710.png,COVID
Normal-6914.png,Normal
Normal-3872.png,Normal
COVID-3233.png,COVID
Viral Pneumonia-152.png,Viral Pneumonia
Normal-8914.png,Normal
COVID-2559.png,COVID
Normal-1564.png,Normal
Normal-7301.png,Normal
COVID-3351.png,COVID
Normal-3632.png,Normal
Normal-3829.png,Normal
COVID-1162.png,COVID
Normal-5440.png,Normal
Normal-4363.png,Normal
Viral Pneumonia-594.png,Viral Pneumonia
Normal-6401.png,Normal
Normal-1057.png,Normal
Normal-340.png,Normal
Normal-5272.png,Normal
Normal-8349.png,Normal
COVID-2553.png,COVID
Normal-6112.png,Normal
Normal-6811.png,Normal
COVID-1329.png,COVID
Normal-10053.png,Normal
Normal-5643.png,Normal
Normal-427.png,Normal
Normal-3862.png,Normal
COVID-3077.png,COVID
Normal-4149.png,Normal
Viral Pneumonia-1067.png,Viral Pneumonia
Normal-7950.png,Normal
Normal-2259.png,Normal
Normal-2187.png,Normal
Normal-9094.png,Normal
Normal-4015.png,Normal
Normal-2050.png,Normal
Normal-8798.png,Normal
COVID-75.png,COVID
Normal-5574.png,Normal
Viral Pneumonia-610.png,Viral Pneumonia
Normal-6635.png,Normal
Normal-3784.png,Normal
Normal-4626.png,Normal
Normal-5575.png,Normal
Normal-968.png,Normal
Normal-6482.png,Normal
Viral Pneumonia-1187.png,Viral Pneumonia
Normal-7956.png,Normal
COVID-1569.png,COVID
COVID-3275.png,COVID
COVID-3036.png,COVID
Normal-3443.png,Normal
Normal-2512.png,Normal
COVID-2843.png,COVID
Normal-1773.png,Normal
Normal-2439.png,Normal
Normal-7312.png,Normal
Normal-4523.png,Normal
COVID-556.png,COVID
Normal-7624.png,Normal
Normal-5728.png,Normal
Normal-55.png,Normal
Viral Pneumonia-782.png,Viral Pneumonia
Normal-8932.png,Normal
Normal-8689.png,Normal
Normal-7283.png,Normal
COVID-2577.png,COVID
COVID-1706.png,COVID
Normal-4176.png,Normal
Normal-8043.png,Normal
COVID-3031.png,COVID
Normal-8037.png,Normal
Viral Pneumonia-56.png,Viral Pneumonia
Viral Pneumonia-1107.png,Viral Pneumonia
Normal-5553.png,Normal
Normal-8382.png,Normal
COVID-688.png,COVID
Normal-8425.png,Normal
Normal-3724.png,Normal
Normal-7796.png,Normal
Normal-7826.png,Normal
Normal-7358.png,Normal
Normal-894.png,Normal
Normal-3968.png,Normal
Normal-9577.png,Normal
Normal-920.png,Normal
COVID-48.png,COVID
Normal-4259.png,Normal
COVID-1405.png,COVID
COVID-2407.png,COVID
Normal-9273.png,Normal
COVID-2453.png,COVID
Normal-5982.png,Normal
Normal-6074.png,Normal
Normal-9351.png,Normal
Normal-2241.png,Normal
COVID-2965.png,COVID
COVID-859.png,COVID
Normal-1209.png,Normal
Normal-52.png,Normal
Normal-4609.png,Normal
Normal-9033.png,Normal
Viral Pneumonia-59.png,Viral Pneumonia
Normal-7180.png,Normal
Normal-7267.png,Normal
Normal-4627.png,Normal
Normal-6469.png,Normal
Normal-4082.png,Normal
COVID-3161.png,COVID
Normal-3539.png,Normal
Normal-10032.png,Normal
Normal-766.png,Normal
Normal-9778.png,Normal
COVID-1692.png,COVID
Normal-355.png,Normal
Normal-1994.png,Normal
Normal-6015.png,Normal
Viral Pneumonia-75.png,Viral Pneumonia
Normal-9323.png,Normal
Normal-8875.png,Normal
Normal-1568.png,Normal
Normal-9687.png,Normal
COVID-3110.png,COVID
COVID-694.png,COVID
Normal-72.png,Normal
Normal-6951.png,Normal
Normal-7914.png,Normal
Normal-9923.png,Normal
Normal-9849.png,Normal
Normal-1571.png,Normal
Normal-4615.png,Normal
COVID-2591.png,COVID
Normal-1337.png,Normal
Normal-7263.png,Normal
COVID-1201.png,COVID
Normal-6260.png,Normal
Normal-9835.png,Normal
Normal-4226.png,Normal
COVID-1255.png,COVID
Normal-1858.png,Normal
Normal-2280.png,Normal
Normal-1869.png,Normal
COVID-2900.png,COVID
Normal-1930.png,Normal
Normal-4666.png,Normal
Normal-4542.png,Normal
Viral Pneumonia-45.png,Viral Pneumonia
COVID-1802.png,COVID
Normal-10181.png,Normal
Normal-3795.png,Normal
COVID-1133.png,COVID
COVID-1384.png,COVID
Normal-9006.png,Normal
Normal-8419.png,Normal
COVID-3023.png,COVID
Normal-479.png,Normal
Normal-10120.png,Normal
Normal-4212.png,Normal
Normal-9830.png,Normal
Normal-923.png,Normal
COVID-3372.png,COVID
Normal-351.png,Normal
Viral Pneumonia-260.png,Viral Pneumonia
COVID-731.png,COVID
Viral Pneumonia-91.png,Viral Pneumonia
Viral Pneumonia-354.png,Viral Pneumonia
Viral Pneumonia-27.png,Viral Pneumonia
COVID-3017.png,COVID
COVID-1928.png,COVID
Normal-588.png,Normal
COVID-525.png,COVID
Normal-2809.png,Normal
Normal-5635.png,Normal
Normal-646.png,Normal
COVID-2735.png,COVID
Normal-9461.png,Normal
Viral Pneumonia-158.png,Viral Pneumonia
Normal-8435.png,Normal
COVID-3245.png,COVID
Normal-40.png,Normal
Normal-1979.png,Normal
Normal-3191.png,Normal
Normal-6928.png,Normal
Normal-5159.png,Normal
Normal-4554.png,Normal
Normal-7388.png,Normal
Normal-5980.png,Normal
Normal-8223.png,Normal
Normal-9229.png,Normal
Viral Pneumonia-1134.png,Viral Pneumonia
COVID-1783.png,COVID
Normal-7136.png,Normal
Viral Pneumonia-109.png,Viral Pneumonia
Normal-7438.png,Normal
Normal-2478.png,Normal
Normal-7924.png,Normal
Normal-8515.png,Normal
COVID-2461.png,COVID
Normal-497.png,Normal
Normal-6356.png,Normal
Viral Pneumonia-958.png,Viral Pneumonia
Normal-9762.png,Normal
Normal-9596.png,Normal
COVID-2027.png,COVID
COVID-2082.png,COVID
Normal-2692.png,Normal
Normal-7427.png,Normal
Normal-6755.png,Normal
Viral Pneumonia-258.png,Viral Pneumonia
Viral Pneumonia-880.png,Viral Pneumonia
Normal-5428.png,Normal
Viral Pneumonia-1276.png,Viral Pneumonia
COVID-3319.png,COVID
COVID-3481.png,COVID
Normal-5285.png,Normal
Normal-4345.png,Normal
Normal-4456.png,Normal
Normal-9068.png,Normal
Normal-3531.png,Normal
Normal-2095.png,Normal
Normal-6561.png,Normal
Normal-9616.png,Normal
Normal-3116.png,Normal
Normal-6668.png,Normal
Normal-9207.png,Normal
COVID-503.png,COVID
Normal-9899.png,Normal
Normal-1005.png,Normal
Normal-5471.png,Normal
Normal-4563.png,Normal
Normal-6.png,Normal
Normal-57.png,Normal
Normal-1287.png,Normal
Normal-838.png,Normal
Viral Pneumonia-43.png,Viral Pneumonia
Normal-2043.png,Normal
COVID-342.png,COVID
Normal-8874.png,Normal
Viral Pneumonia-361.png,Viral Pneumonia
Normal-4878.png,Normal
Normal-4762.png,Normal
Normal-5197.png,Normal
COVID-2058.png,COVID
Normal-1668.png,Normal
Normal-8671.png,Normal
COVID-1492.png,COVID
Normal-10144.png,Normal
Normal-1141.png,Normal
Normal-2953.png,Normal
Normal-95.png,Normal
Normal-1384.png,Normal
Viral Pneumonia-1146.png,Viral Pneumonia
Normal-8021.png,Normal
Normal-6488.png,Normal
COVID-2061.png,COVID
COVID-2835.png,COVID
Normal-1173.png,Normal
Normal-6451.png,Normal
COVID-3165.png,COVID
Normal-7934.png,Normal
COVID-433.png,COVID
Normal-5995.png,Normal
COVID-2143.png,COVID
COVID-382.png,COVID
Normal-2988.png,Normal
Normal-6391.png,Normal
COVID-996.png,COVID
Normal-1986.png,Normal
COVID-1411.png,COVID
Normal-6385.png,Normal
Normal-6418.png,Normal
Normal-4816.png,Normal
Normal-3787.png,Normal
Normal-6358.png,Normal
COVID-495.png,COVID
Normal-20.png,Normal
Normal-1911.png,Normal
Normal-1288.png,Normal
Normal-9573.png,Normal
Normal-1359.png,Normal
Viral Pneumonia-121.png,Viral Pneumonia
COVID-2716.png,COVID
COVID-3067.png,COVID
Normal-6958.png,Normal
Normal-5323.png,Normal
Normal-7363.png,Normal
Normal-6403.png,Normal
Normal-8092.png,Normal
Normal-935.png,Normal
Normal-5918.png,Normal
Normal-2364.png,Normal
Viral Pneumonia-1240.png,Viral Pneumonia
Normal-3275.png,Normal
Normal-2236.png,Normal
Normal-1481.png,Normal
Normal-2592.png,Normal
COVID-3435.png,COVID
Normal-7062.png,Normal
Normal-9374.png,Normal
Normal-1398.png,Normal
Normal-4313.png,Normal
COVID-279.png,COVID
Normal-2966.png,Normal
Normal-2376.png,Normal
Normal-6892.png,Normal
COVID-1064.png,COVID
COVID-3053.png,COVID
Viral Pneumonia-794.png,Viral Pneumonia
Normal-3949.png,Normal
Normal-7543.png,Normal
Normal-4932.png,Normal
COVID-2310.png,COVID
COVID-1119.png,COVID
Normal-9975.png,Normal
Normal-6393.png,Normal
Normal-570.png,Normal
Normal-9868.png,Normal
Normal-3505.png,Normal
COVID-2009.png,COVID
Normal-1311.png,Normal
Normal-6637.png,Normal
Normal-7785.png,Normal
Normal-9894.png,Normal
Normal-8301.png,Normal
COVID-2325.png,COVID
Normal-4114.png,Normal
COVID-1850.png,COVID
COVID-778.png,COVID
COVID-993.png,COVID
Normal-4196.png,Normal
Normal-7050.png,Normal
Normal-1565.png,Normal
Normal-6819.png,Normal
Normal-528.png,Normal
COVID-3237.png,COVID
Normal-1801.png,Normal
COVID-1455.png,COVID
Viral Pneumonia-1154.png,Viral Pneumonia
Viral Pneumonia-793.png,Viral Pneumonia
Normal-3358.png,Normal
COVID-3013.png,COVID
COVID-3567.png,COVID
Normal-6727.png,Normal
COVID-175.png,COVID
Normal-5532.png,Normal
COVID-2924.png,COVID
Normal-7801.png,Normal
Normal-8667.png,Normal
COVID-1775.png,COVID
Normal-4684.png,Normal
Normal-6936.png,Normal
COVID-517.png,COVID
COVID-1355.png,COVID
Viral Pneumonia-710.png,Viral Pneumonia
Normal-1339.png,Normal
Normal-3255.png,Normal
Normal-58.png,Normal
COVID-184.png,COVID
Normal-2892.png,Normal
COVID-2854.png,COVID
COVID-671.png,COVID
Normal-4369.png,Normal
Normal-4795.png,Normal
Normal-5339.png,Normal
COVID-1506.png,COVID
COVID-3570.png,COVID
Normal-1410.png,Normal
Normal-4236.png,Normal
COVID-2845.png,COVID
Normal-9126.png,Normal
Viral Pneumonia-296.png,Viral Pneumonia
Normal-773.png,Normal
Normal-6929.png,Normal
Normal-2974.png,Normal
Normal-3507.png,Normal
Normal-8512.png,Normal
COVID-2483.png,COVID
Normal-10162.png,Normal
Viral Pneumonia-1312.png,Viral Pneumonia
Normal-2252.png,Normal
Normal-3490.png,Normal
COVID-2890.png,COVID
Normal-6435.png,Normal
Normal-7717.png,Normal
Normal-7234.png,Normal
Normal-8971.png,Normal
Normal-5170.png,Normal
Normal-8473.png,Normal
COVID-762.png,COVID
COVID-2504.png,COVID
Viral Pneumonia-1102.png,Viral Pneumonia
Normal-9481.png,Normal
Normal-3607.png,Normal
Normal-9307.png,Normal
Normal-8809.png,Normal
Normal-5772.png,Normal
Normal-6679.png,Normal
COVID-2706.png,COVID
Normal-5662.png,Normal
Normal-6196.png,Normal
COVID-1157.png,COVID
Normal-3799.png,Normal
COVID-1628.png,COVID
COVID-2142.png,COVID
Viral Pneumonia-448.png,Viral Pneumonia
Normal-8770.png,Normal
COVID-639.png,COVID
Normal-6575.png,Normal
COVID-3350.png,COVID
Viral Pneumonia-100.png,Viral Pneumonia
Normal-92.png,Normal
Normal-4102.png,Normal
Normal-9172.png,Normal
Normal-10111.png,Normal
Normal-635.png,Normal
Normal-5475.png,Normal
Normal-4278.png,Normal
COVID-1886.png,COVID
Normal-1862.png,Normal
COVID-559.png,COVID
Normal-6081.png,Normal
COVID-2209.png,COVID
Normal-1180.png,Normal
Normal-1389.png,Normal
Normal-1654.png,Normal
Normal-8418.png,Normal
Normal-493.png,Normal
Normal-5228.png,Normal
Normal-1721.png,Normal
Normal-1708.png,Normal
COVID-3143.png,COVID
Normal-4905.png,Normal
COVID-1582.png,COVID
Normal-2199.png,Normal
Viral Pneumonia-362.png,Viral Pneumonia
COVID-1565.png,COVID
Viral Pneumonia-315.png,Viral Pneumonia
COVID-3550.png,COVID
COVID-1708.png,COVID
Normal-3045.png,Normal
Normal-1230.png,Normal
Normal-10009.png,Normal
Normal-210.png,Normal
Normal-584.png,Normal
Viral Pneumonia-390.png,Viral Pneumonia
Normal-6483.png,Normal
Normal-3564.png,Normal
Normal-382.png,Normal
Normal-7164.png,Normal
Normal-8653.png,Normal
COVID-1527.png,COVID
Viral Pneumonia-585.png,Viral Pneumonia
Viral Pneumonia-28.png,Viral Pneumonia
Normal-4352.png,Normal
Normal-4757.png,Normal
Normal-7529.png,Normal
Normal-3138.png,Normal
Normal-9842.png,Normal
Normal-5004.png,Normal
Normal-2524.png,Normal
Normal-5071.png,Normal
Normal-2381.png,Normal
Normal-9040.png,Normal
COVID-1166.png,COVID
Normal-7588.png,Normal
Normal-2709.png,Normal
Normal-3954.png,Normal
Normal-3959.png,Normal
Normal-1907.png,Normal
Normal-1451.png,Normal
Normal-9358.png,Normal
Normal-8859.png,Normal
Normal-3874.png,Normal
Normal-6955.png,Normal
COVID-220.png,COVID
COVID-2552.png,COVID
COVID-480.png,COVID
COVID-3397.png,COVID
Normal-3566.png,Normal
COVID-1704.png,COVID
COVID-2240.png,COVID
Normal-5245.png,Normal
COVID-2419.png,COVID
Normal-7288.png,Normal
COVID-959.png,COVID
Normal-7570.png,Normal
Normal-8212.png,Normal
Normal-9761.png,Normal
COVID-1651.png,COVID
Normal-8120.png,Normal
Normal-1223.png,Normal
Normal-5620.png,Normal
Normal-4856.png,Normal
Normal-7589.png,Normal
Normal-4263.png,Normal
Normal-4064.png,Normal
COVID-2447.png,COVID
Normal-1829.png,Normal
Normal-9096.png,Normal
Normal-2341.png,Normal
Viral Pneumonia-834.png,Viral Pneumonia
Normal-3164.png,Normal
Normal-6398.png,Normal
Normal-13.png,Normal
Normal-6166.png,Normal
Normal-7041.png,Normal
Normal-8979.png,Normal
Normal-324.png,Normal
Normal-9684.png,Normal
Normal-707.png,Normal
Normal-7533.png,Normal
COVID-3495.png,COVID
Normal-5247.png,Normal
COVID-680.png,COVID
Normal-6691.png,Normal
Normal-5668.png,Normal
Normal-9066.png,Normal
COVID-867.png,COVID
Normal-2654.png,Normal
Normal-954.png,Normal
Normal-3194.png,Normal
Normal-2318.png,Normal
COVID-1102.png,COVID
Normal-4689.png,Normal
Normal-9702.png,Normal
Normal-6127.png,Normal
Normal-1059.png,Normal
Normal-8994.png,Normal
Normal-1988.png,Normal
Normal-3271.png,Normal
COVID-3172.png,COVID
Normal-2129.png,Normal
COVID-2595.png,COVID
Normal-432.png,Normal
Normal-6135.png,Normal
Normal-4440.png,Normal
Normal-7221.png,Normal
Normal-6722.png,Normal
Normal-6376.png,Normal
Normal-3226.png,Normal
COVID-367.png,COVID
Normal-2466.png,Normal
Normal-1898.png,Normal
Normal-3402.png,Normal
COVID-479.png,COVID
COVID-1294.png,COVID
Normal-2829.png,Normal
Normal-6073.png,Normal
COVID-1980.png,COVID
Normal-4903.png,Normal
COVID-1434.png,COVID
Normal-4098.png,Normal
Normal-3836.png,Normal
COVID-2125.png,COVID
Normal-4286.png,Normal
Normal-2123.png,Normal
Normal-9748.png,Normal
Normal-3458.png,Normal
Normal-1759.png,Normal
Normal-9786.png,Normal
Normal-4439.png,Normal
Viral Pneumonia-857.png,Viral Pneumonia
Normal-277.png,Normal
Normal-2301.png,Normal
Viral Pneumonia-814.png,Viral Pneumonia
Normal-9330.png,Normal
Normal-8041.png,Normal
Normal-8000.png,Normal
COVID-595.png,COVID
COVID-656.png,COVID
Normal-9919.png,Normal
Normal-8802.png,Normal
Normal-4229.png,Normal
Normal-1033.png,Normal
COVID-550.png,COVID
Normal-3994.png,Normal
Normal-1198.png,Normal
Normal-5800.png,Normal
COVID-245.png,COVID
COVID-313.png,COVID
Normal-1387.png,Normal
Normal-8842.png,Normal
COVID-2685.png,COVID
Viral Pneumonia-154.png,Viral Pneumonia
COVID-1652.png,COVID
Normal-8064.png,Normal
Viral Pneumonia-88.png,Viral Pneumonia
Normal-4338.png,Normal
Normal-6024.png,Normal
Normal-1102.png,Normal
Normal-9245.png,Normal
COVID-3591.png,COVID
Viral Pneumonia-81.png,Viral Pneumonia
COVID-604.png,COVID
Normal-7840.png,Normal
Normal-9580.png,Normal
Normal-7973.png,Normal
Normal-7292.png,Normal
Normal-3996.png,Normal
Normal-14.png,Normal
Normal-9168.png,Normal
COVID-2773.png,COVID
Normal-4319.png,Normal
Normal-5146.png,Normal
Normal-7680.png,Normal
COVID-1407.png,COVID
Normal-1613.png,Normal
Viral Pneumonia-1185.png,Viral Pneumonia
Normal-7996.png,Normal
COVID-1281.png,COVID
COVID-2882.png,COVID
Normal-4264.png,Normal
Normal-2937.png,Normal
Normal-5656.png,Normal
Normal-6470.png,Normal
Normal-1262.png,Normal
COVID-270.png,COVID
COVID-3123.png,COVID
Viral Pneumonia-964.png,Viral Pneumonia
COVID-2150.png,COVID
Normal-5521.png,Normal
Normal-7933.png,Normal
Normal-996.png,Normal
Normal-1780.png,Normal
Normal-1254.png,Normal
Viral Pneumonia-365.png,Viral Pneumonia
Normal-7743.png,Normal
Normal-3962.png,Normal
Viral Pneumonia-132.png,Viral Pneumonia
Normal-6884.png,Normal
Normal-5230.png,Normal
Normal-7695.png,Normal
Normal-8617.png,Normal
COVID-1022.png,COVID
COVID-2333.png,COVID
Normal-4600.png,Normal
COVID-2435.png,COVID
Normal-5210.png,Normal
COVID-1263.png,COVID
Viral Pneumonia-599.png,Viral Pneumonia
Normal-3901.png,Normal
Normal-8421.png,Normal
Normal-2907.png,Normal
Normal-6124.png,Normal
Normal-9367.png,Normal
COVID-1352.png,COVID
Viral Pneumonia-830.png,Viral Pneumonia
Normal-6671.png,Normal
Normal-6803.png,Normal
Normal-5816.png,Normal
COVID-2905.png,COVID
Normal-9749.png,Normal
Normal-2951.png,Normal
Normal-4699.png,Normal
Normal-9556.png,Normal
Normal-7271.png,Normal
COVID-2048.png,COVID
COVID-709.png,COVID
Normal-7113.png,Normal
Normal-8351.png,Normal
Normal-8414.png,Normal
Normal-9531.png,Normal
Normal-1853.png,Normal
Normal-8261.png,Normal
Viral Pneumonia-507.png,Viral Pneumonia
Normal-7888.png,Normal
Normal-3072.png,Normal
COVID-791.png,COVID
Normal-2003.png,Normal
Viral Pneumonia-935.png,Viral Pneumonia
Normal-8408.png,Normal
COVID-2823.png,COVID
Viral Pneumonia-1169.png,Viral Pneumonia
Normal-4177.png,Normal
COVID-3106.png,COVID
Normal-637.png,Normal
Normal-475.png,Normal
COVID-1818.png,COVID
Normal-6964.png,Normal
COVID-2266.png,COVID
Normal-642.png,Normal
Normal-3640.png,Normal
Normal-1863.png,Normal
Viral Pneumonia-989.png,Viral Pneumonia
Normal-6390.png,Normal
Normal-3438.png,Normal
Normal-4630.png,Normal
Normal-7692.png,Normal
Viral Pneumonia-408.png,Viral Pneumonia
COVID-813.png,COVID
Normal-8350.png,Normal
Normal-6030.png,Normal
Normal-9080.png,Normal
Viral Pneumonia-394.png,Viral Pneumonia
COVID-810.png,COVID
Normal-2914.png,Normal
COVID-3494.png,COVID
Normal-5127.png,Normal
Normal-9290.png,Normal
Normal-1768.png,Normal
COVID-584.png,COVID
Normal-3671.png,Normal
COVID-3395.png,COVID
Normal-6071.png,Normal
Normal-3767.png,Normal
Viral Pneumonia-695.png,Viral Pneumonia
Normal-4430.png,Normal
COVID-520.png,COVID
COVID-3381.png,COVID
Normal-1011.png,Normal
Normal-4328.png,Normal
COVID-3147.png,COVID
Normal-5879.png,Normal
Normal-2608.png,Normal
Normal-7604.png,Normal
Normal-3225.png,Normal
Normal-8569.png,Normal
Viral Pneumonia-1052.png,Viral Pneumonia
Normal-3203.png,Normal
Normal-7260.png,Normal
Normal-4029.png,Normal
Viral Pneumonia-1140.png,Viral Pneumonia
Normal-9115.png,Normal
COVID-824.png,COVID
COVID-2541.png,COVID
Normal-1604.png,Normal
Normal-9070.png,Normal
Normal-7763.png,Normal
Viral Pneumonia-68.png,Viral Pneumonia
Normal-6965.png,Normal
Normal-4553.png,Normal
Normal-1899.png,Normal
Normal-8753.png,Normal
COVID-378.png,COVID
Normal-1535.png,Normal
COVID-7.png,COVID
Normal-4517.png,Normal
COVID-3178.png,COVID
COVID-1519.png,COVID
Normal-7981.png,Normal
Normal-3882.png,Normal
Normal-5061.png,Normal
Normal-2470.png,Normal
COVID-1969.png,COVID
Normal-9558.png,Normal
Normal-3950.png,Normal
Normal-932.png,Normal
COVID-2549.png,COVID
COVID-1498.png,COVID
Normal-2847.png,Normal
Viral Pneumonia-244.png,Viral Pneumonia
COVID-219.png,COVID
Normal-7709.png,Normal
Normal-1170.png,Normal
Normal-1633.png,Normal
COVID-1754.png,COVID
COVID-2368.png,COVID
Normal-9935.png,Normal
Normal-378.png,Normal
COVID-877.png,COVID
COVID-216.png,COVID
Normal-3417.png,Normal
COVID-1441.png,COVID
Normal-7430.png,Normal
Normal-6778.png,Normal
COVID-3111.png,COVID
Normal-3266.png,Normal
Normal-8575.png,Normal
Normal-2006.png,Normal
Normal-4011.png,Normal
COVID-102.png,COVID
Normal-5692.png,Normal
Normal-8595.png,Normal
Normal-6429.png,Normal
Normal-3079.png,Normal
Normal-8731.png,Normal
COVID-2885.png,COVID
Normal-306.png,Normal
COVID-3166.png,COVID
Viral Pneumonia-15.png,Viral Pneumonia
Viral Pneumonia-756.png,Viral Pneumonia
Normal-7656.png,Normal
COVID-804.png,COVID
Normal-648.png,Normal
Normal-4894.png,Normal
COVID-1819.png,COVID
Normal-3244.png,Normal
Normal-6144.png,Normal
COVID-737.png,COVID
Normal-9191.png,Normal
Normal-5034.png,Normal
Normal-553.png,Normal
Normal-1417.png,Normal
Normal-4296.png,Normal
Normal-9258.png,Normal
Normal-7243.png,Normal
COVID-2850.png,COVID
Normal-6079.png,Normal
Normal-6868.png,Normal
Normal-2281.png,Normal
COVID-271.png,COVID
Normal-392.png,Normal
Normal-1630.png,Normal
Normal-6953.png,Normal
Normal-4118.png,Normal
Normal-3044.png,Normal
Normal-2135.png,Normal
Normal-8238.png,Normal
Normal-5442.png,Normal
Normal-5921.png,Normal
Normal-3506.png,Normal
COVID-1391.png,COVID
COVID-2931.png,COVID
Normal-5632.png,Normal
COVID-3468.png,COVID
Normal-729.png,Normal
Normal-2418.png,Normal
Normal-6486.png,Normal
Normal-7503.png,Normal
COVID-351.png,COVID
COVID-2434.png,COVID
Normal-5847.png,Normal
COVID-908.png,COVID
Normal-6772.png,Normal
Normal-5108.png,Normal
Normal-6373.png,Normal
Normal-5152.png,Normal
Viral Pneumonia-176.png,Viral Pneumonia
Normal-1665.png,Normal
Normal-1993.png,Normal
Normal-4066.png,Normal
Viral Pneumonia-288.png,Viral Pneumonia
Normal-3646.png,Normal
Normal-6023.png,Normal
Normal-9656.png,Normal
Normal-3278.png,Normal
COVID-3099.png,COVID
Normal-6170.png,Normal
Normal-8709.png,Normal
Viral Pneumonia-379.png,Viral Pneumonia
Normal-974.png,Normal
Normal-4336.png,Normal
COVID-1249.png,COVID
Normal-783.png,Normal
Normal-6048.png,Normal
Normal-8044.png,Normal
Normal-5886.png,Normal
COVID-878.png,COVID
Normal-3423.png,Normal
Normal-7217.png,Normal
COVID-388.png,COVID
Viral Pneumonia-700.png,Viral Pneumonia
Normal-6559.png,Normal
COVID-325.png,COVID
Normal-3639.png,Normal
Normal-5914.png,Normal
Normal-4973.png,Normal
Normal-835.png,Normal
COVID-2336.png,COVID
Normal-3100.png,Normal
Normal-5589.png,Normal
Normal-9865.png,Normal
Normal-944.png,Normal
Viral Pneumonia-933.png,Viral Pneumonia
Normal-891.png,Normal
Normal-6280.png,Normal
Normal-4579.png,Normal
COVID-427.png,COVID
Normal-868.png,Normal
Normal-8807.png,Normal
COVID-301.png,COVID
Normal-507.png,Normal
Normal-1258.png,Normal
Normal-6511.png,Normal
Normal-2272.png,Normal
Viral Pneumonia-447.png,Viral Pneumonia
Normal-10128.png,Normal
Normal-525.png,Normal
Normal-9149.png,Normal
Normal-5708.png,Normal
Normal-4688.png,Normal
Normal-7605.png,Normal
Normal-6221.png,Normal
Normal-7036.png,Normal
Normal-8390.png,Normal
Normal-2639.png,Normal
Normal-4927.png,Normal
Normal-4137.png,Normal
Normal-3213.png,Normal
Normal-4917.png,Normal
COVID-2662.png,COVID
Viral Pneumonia-817.png,Viral Pneumonia
Normal-5193.png,Normal
Viral Pneumonia-549.png,Viral Pneumonia
Normal-6985.png,Normal
Normal-2446.png,Normal
Normal-3105.png,Normal
Normal-5763.png,Normal
Normal-4204.png,Normal
Normal-2538.png,Normal
Normal-10130.png,Normal
Normal-3681.png,Normal
Normal-5724.png,Normal
Normal-243.png,Normal
Normal-5345.png,Normal
COVID-1338.png,COVID
Normal-2849.png,Normal
Normal-130.png,Normal
Normal-7081.png,Normal
Normal-876.png,Normal
Normal-5493.png,Normal
COVID-3080.png,COVID
Normal-6551.png,Normal
Normal-3583.png,Normal
Normal-9647.png,Normal
COVID-1260.png,COVID
Normal-1197.png,Normal
Viral Pneumonia-840.png,Viral Pneumonia
Normal-8082.png,Normal
Viral Pneumonia-582.png,Viral Pneumonia
COVID-2803.png,COVID
Normal-4765.png,Normal
Normal-7668.png,Normal
COVID-3214.png,COVID
Normal-6347.png,Normal
Normal-5449.png,Normal
Normal-5117.png,Normal
COVID-715.png,COVID
Normal-5020.png,Normal
Normal-178.png,Normal
Normal-1240.png,Normal
COVID-2805.png,COVID
Normal-5685.png,Normal
Normal-3748.png,Normal
COVID-155.png,COVID
Normal-552.png,Normal
Normal-731.png,Normal
Viral Pneumonia-1141.png,Viral Pneumonia
Normal-5388.png,Normal
Normal-961.png,Normal
Normal-6097.png,Normal
COVID-1282.png,COVID
COVID-1649.png,COVID
Normal-7548.png,Normal
Normal-9116.png,Normal
Normal-7374.png,Normal
Normal-4372.png,Normal
COVID-3437.png,COVID
Normal-3813.png,Normal
Normal-3861.png,Normal
Normal-6818.png,Normal
Normal-8856.png,Normal
Normal-7443.png,Normal
Normal-513.png,Normal
Normal-6070.png,Normal
COVID-3569.png,COVID
Normal-10083.png,Normal
Normal-3883.png,Normal
Normal-8060.png,Normal
Normal-3935.png,Normal
Normal-8462.png,Normal
Normal-6098.png,Normal
Viral Pneumonia-364.png,Viral Pneumonia
COVID-2370.png,COVID
COVID-2245.png,COVID
COVID-2510.png,COVID
COVID-1436.png,COVID
Normal-9934.png,Normal
Normal-2039.png,Normal
COVID-1510.png,COVID
Viral Pneumonia-166.png,Viral Pneumonia
Normal-3251.png,Normal
Normal-94.png,Normal
Normal-6156.png,Normal
COVID-576.png,COVID
COVID-988.png,COVID
COVID-2413.png,COVID
Normal-8227.png,Normal
COVID-1944.png,COVID
Normal-3465.png,Normal
Normal-3967.png,Normal
Normal-1459.png,Normal
Viral Pneumonia-1151.png,Viral Pneumonia
Normal-2507.png,Normal
Viral Pneumonia-661.png,Viral Pneumonia
Normal-9384.png,Normal
Normal-208.png,Normal
COVID-636.png,COVID
Normal-5646.png,Normal
Normal-1670.png,Normal
Normal-135.png,Normal
Normal-3946.png,Normal
Normal-6518.png,Normal
Normal-3914.png,Normal
COVID-2110.png,COVID
COVID-1089.png,COVID
COVID-12.png,COVID
Normal-6252.png,Normal
Normal-7883.png,Normal
Normal-4403.png,Normal
Normal-661.png,Normal
COVID-43.png,COVID
Normal-4550.png,Normal
Normal-2788.png,Normal
COVID-2433.png,COVID
Viral Pneumonia-141.png,Viral Pneumonia
Normal-8986.png,Normal
Normal-6747.png,Normal
Normal-209.png,Normal
COVID-3325.png,COVID
Normal-3629.png,Normal
Normal-6257.png,Normal
Normal-9314.png,Normal
Normal-9129.png,Normal
COVID-1005.png,COVID
Normal-5946.png,Normal
Normal-124.png,Normal
Viral Pneumonia-280.png,Viral Pneumonia
COVID-2650.png,COVID
Normal-4255.png,Normal
Normal-720.png,Normal
Normal-7921.png,Normal
Normal-1784.png,Normal
Normal-2868.png,Normal
Normal-4065.png,Normal
Normal-4109.png,Normal
COVID-1737.png,COVID
Normal-3885.png,Normal
COVID-2651.png,COVID
Normal-122.png,Normal
COVID-3526.png,COVID
Normal-3172.png,Normal
Viral Pneumonia-87.png,Viral Pneumonia
COVID-2951.png,COVID
Normal-41.png,Normal
COVID-3552.png,COVID
Viral Pneumonia-865.png,Viral Pneumonia
Normal-5333.png,Normal
Normal-1121.png,Normal
Viral Pneumonia-697.png,Viral Pneumonia
Normal-8525.png,Normal
COVID-2055.png,COVID
Normal-5769.png,Normal
COVID-1855.png,COVID
Normal-7941.png,Normal
COVID-1500.png,COVID
Normal-3567.png,Normal
Normal-4043.png,Normal
COVID-3185.png,COVID
Normal-977.png,Normal
Viral Pneumonia-225.png,Viral Pneumonia
Normal-2330.png,Normal
Normal-6695.png,Normal
Normal-7881.png,Normal
Normal-7116.png,Normal
Normal-6131.png,Normal
Normal-1159.png,Normal
COVID-3169.png,COVID
Viral Pneumonia-741.png,Viral Pneumonia
COVID-2588.png,COVID
Normal-8248.png,Normal
Normal-3545.png,Normal
Normal-1221.png,Normal
COVID-1733.png,COVID
Normal-9424.png,Normal
Normal-2312.png,Normal
COVID-1123.png,COVID
COVID-2748.png,COVID
Normal-5679.png,Normal
Normal-5436.png,Normal
COVID-1283.png,COVID
COVID-1712.png,COVID
Normal-1109.png,Normal
Normal-6100.png,Normal
Normal-9427.png,Normal
Normal-1455.png,Normal
COVID-3176.png,COVID
Normal-1083.png,Normal
Normal-2577.png,Normal
COVID-2871.png,COVID
COVID-800.png,COVID
COVID-188.png,COVID
COVID-1618.png,COVID
Normal-5426.png,Normal
Normal-3597.png,Normal
COVID-3068.png,COVID
Normal-795.png,Normal
Normal-9390.png,Normal
Viral Pneumonia-860.png,Viral Pneumonia
Viral Pneumonia-435.png,Viral Pneumonia
Normal-3419.png,Normal
Normal-444.png,Normal
Normal-4036.png,Normal
COVID-3545.png,COVID
Viral Pneumonia-139.png,Viral Pneumonia
Normal-2163.png,Normal
Normal-6134.png,Normal
Normal-5810.png,Normal
COVID-2291.png,COVID
Normal-10183.png,Normal
Normal-534.png,Normal
Normal-3678.png,Normal
Normal-5082.png,Normal
COVID-3449.png,COVID
Normal-5469.png,Normal
Viral Pneumonia-557.png,Viral Pneumonia
Viral Pneumonia-1118.png,Viral Pneumonia
Normal-994.png,Normal
COVID-1849.png,COVID
Viral Pneumonia-249.png,Viral Pneumonia
Normal-9073.png,Normal
Normal-6174.png,Normal
Normal-1758.png,Normal
Normal-4970.png,Normal
Normal-8683.png,Normal
Viral Pneumonia-1015.png,Viral Pneumonia
Normal-7154.png,Normal
Normal-5142.png,Normal
COVID-1638.png,COVID
COVID-1837.png,COVID
COVID-2085.png,COVID
Viral Pneumonia-35.png,Viral Pneumonia
Normal-7725.png,Normal
Normal-3879.png,Normal
Normal-6190.png,Normal
COVID-164.png,COVID
Normal-557.png,Normal
Normal-3574.png,Normal
Normal-8331.png,Normal
Normal-1447.png,Normal
Normal-810.png,Normal
Viral Pneumonia-765.png,Viral Pneumonia
Normal-4010.png,Normal
Normal-4679.png,Normal
Normal-5911.png,Normal
COVID-1605.png,COVID
COVID-1893.png,COVID
COVID-3295.png,COVID
Normal-8306.png,Normal
COVID-193.png,COVID
COVID-2592.png,COVID
Normal-9747.png,Normal
Viral Pneumonia-1156.png,Viral Pneumonia
Normal-865.png,Normal
COVID-375.png,COVID
COVID-3454.png,COVID
Viral Pneumonia-1282.png,Viral Pneumonia
Normal-6065.png,Normal
COVID-2089.png,COVID
COVID-380.png,COVID
COVID-1701.png,COVID
COVID-2665.png,COVID
COVID-3513.png,COVID
Normal-7601.png,Normal
Normal-4665.png,Normal
COVID-3391.png,COVID
Normal-8389.png,Normal
Viral Pneumonia-177.png,Viral Pneumonia
COVID-3464.png,COVID
Normal-8453.png,Normal
COVID-1857.png,COVID
Normal-4890.png,Normal
COVID-994.png,COVID
Normal-6233.png,Normal
COVID-759.png,COVID
Normal-878.png,Normal
Normal-381.png,Normal
Normal-8432.png,Normal
Normal-6335.png,Normal
Normal-2897.png,Normal
Viral Pneumonia-1280.png,Viral Pneumonia
COVID-408.png,COVID
Normal-4833.png,Normal
Normal-279.png,Normal
Normal-6017.png,Normal
Normal-4674.png,Normal
COVID-1869.png,COVID
Normal-3938.png,Normal
Normal-6083.png,Normal
Normal-5753.png,Normal
Normal-7159.png,Normal
Normal-7231.png,Normal
Normal-5717.png,Normal
Normal-9914.png,Normal
Viral Pneumonia-1090.png,Viral Pneumonia
Normal-2428.png,Normal
COVID-1878.png,COVID
Normal-545.png,Normal
COVID-58.png,COVID
Normal-7522.png,Normal
Normal-7518.png,Normal
Normal-4057.png,Normal
Normal-1308.png,Normal
Normal-5362.png,Normal
Normal-3587.png,Normal
Normal-46.png,Normal
Normal-9276.png,Normal
Normal-8628.png,Normal
COVID-570.png,COVID
COVID-2913.png,COVID
COVID-753.png,COVID
COVID-987.png,COVID
COVID-2072.png,COVID
Normal-2750.png,Normal
Normal-784.png,Normal
COVID-2849.png,COVID
Normal-3976.png,Normal
Viral Pneumonia-62.png,Viral Pneumonia
Normal-7806.png,Normal
Normal-8269.png,Normal
Viral Pneumonia-631.png,Viral Pneumonia
Viral Pneumonia-195.png,Viral Pneumonia
COVID-1051.png,COVID
Viral Pneumonia-466.png,Viral Pneumonia
Normal-6388.png,Normal
Normal-4733.png,Normal
Normal-9900.png,Normal
Normal-8815.png,Normal
Normal-8790.png,Normal
Normal-10175.png,Normal
Normal-7012.png,Normal
COVID-98.png,COVID
Normal-7976.png,Normal
Normal-7262.png,Normal
Normal-2044.png,Normal
Normal-3060.png,Normal
COVID-2031.png,COVID
COVID-3503.png,COVID
Normal-28.png,Normal
Normal-8649.png,Normal
COVID-832.png,COVID
Normal-7029.png,Normal
COVID-2806.png,COVID
Normal-9827.png,Normal
COVID-138.png,COVID
COVID-622.png,COVID
Normal-5530.png,Normal
COVID-2738.png,COVID
Normal-2652.png,Normal
Normal-10165.png,Normal
COVID-3156.png,COVID
Normal-7827.png,Normal
Normal-8721.png,Normal
Normal-4117.png,Normal
COVID-3058.png,COVID
Normal-8016.png,Normal
Normal-9352.png,Normal
COVID-459.png,COVID
Normal-4539.png,Normal
Normal-6202.png,Normal
COVID-3592.png,COVID
COVID-2313.png,COVID
COVID-2128.png,COVID
Viral Pneumonia-126.png,Viral Pneumonia
Normal-2063.png,Normal
Normal-4884.png,Normal
COVID-2955.png,COVID
Normal-7920.png,Normal
Normal-7396.png,Normal
COVID-1742.png,COVID
Normal-1612.png,Normal
Normal-1755.png,Normal
COVID-3523.png,COVID
COVID-284.png,COVID
COVID-593.png,COVID
COVID-2899.png,COVID
COVID-1350.png,COVID
Normal-10029.png,Normal
Viral Pneumonia-119.png,Viral Pneumonia
Normal-3631.png,Normal
COVID-1974.png,COVID
Normal-7132.png,Normal
COVID-2505.png,COVID
COVID-1057.png,COVID
Normal-273.png,Normal
Normal-6334.png,Normal
Normal-9857.png,Normal
Normal-9942.png,Normal
Normal-2324.png,Normal
Normal-2586.png,Normal
Normal-1616.png,Normal
Normal-1889.png,Normal
Viral Pneumonia-781.png,Viral Pneumonia
Normal-9742.png,Normal
COVID-500.png,COVID
Normal-5439.png,Normal
Normal-3464.png,Normal
Normal-7195.png,Normal
Viral Pneumonia-1021.png,Viral Pneumonia
Normal-1926.png,Normal
Normal-4422.png,Normal
COVID-3318.png,COVID
Normal-9428.png,Normal
Normal-2600.png,Normal
COVID-2789.png,COVID
Normal-3479.png,Normal
Normal-1772.png,Normal
Viral Pneumonia-1178.png,Viral Pneumonia
Normal-227.png,Normal
Normal-2597.png,Normal
Normal-4387.png,Normal
Normal-10067.png,Normal
COVID-3043.png,COVID
COVID-3342.png,COVID
COVID-701.png,COVID
Normal-4514.png,Normal
COVID-2872.png,COVID
Normal-5681.png,Normal
Normal-4577.png,Normal
Normal-5552.png,Normal
Normal-8656.png,Normal
COVID-2184.png,COVID
COVID-490.png,COVID
Normal-4242.png,Normal
Normal-2758.png,Normal
COVID-1991.png,COVID
Normal-6062.png,Normal
Normal-5490.png,Normal
COVID-3152.png,COVID
Viral Pneumonia-428.png,Viral Pneumonia
Normal-6627.png,Normal
Normal-9406.png,Normal
Normal-2196.png,Normal
Normal-2838.png,Normal
COVID-3090.png,COVID
Normal-3408.png,Normal
COVID-126.png,COVID
Normal-9679.png,Normal
COVID-2475.png,COVID
COVID-1490.png,COVID
COVID-518.png,COVID
COVID-1805.png,COVID
Normal-1722.png,Normal
COVID-2191.png,COVID
Normal-2637.png,Normal
Normal-6807.png,Normal
Viral Pneumonia-1101.png,Viral Pneumonia
Normal-481.png,Normal
Viral Pneumonia-842.png,Viral Pneumonia
Normal-5385.png,Normal
Normal-8516.png,Normal
Normal-5051.png,Normal
Normal-9933.png,Normal
Normal-343.png,Normal
Normal-1529.png,Normal
Normal-9217.png,Normal
Normal-7117.png,Normal
Normal-6040.png,Normal
Viral Pneumonia-130.png,Viral Pneumonia
Normal-6844.png,Normal
Normal-5497.png,Normal
Normal-3729.png,Normal
COVID-2686.png,COVID
COVID-1901.png,COVID
COVID-1813.png,COVID
Normal-7143.png,Normal
COVID-2991.png,COVID
Viral Pneumonia-192.png,Viral Pneumonia
COVID-2557.png,COVID
Normal-8933.png,Normal
COVID-1130.png,COVID
Normal-2812.png,Normal
Normal-821.png,Normal
Normal-5052.png,Normal
COVID-3476.png,COVID
Normal-2445.png,Normal
Normal-1278.png,Normal
Normal-4516.png,Normal
COVID-1008.png,COVID
COVID-2945.png,COVID
Normal-2473.png,Normal
COVID-2874.png,COVID
COVID-267.png,COVID
Normal-4641.png,Normal
Viral Pneumonia-777.png,Viral Pneumonia
Normal-2468.png,Normal
Normal-2377.png,Normal
COVID-1208.png,COVID
Normal-9456.png,Normal
COVID-124.png,COVID
Normal-3046.png,Normal
Normal-2742.png,Normal
Normal-7279.png,Normal
Normal-721.png,Normal
Viral Pneumonia-543.png,Viral Pneumonia
Normal-2751.png,Normal
Normal-4841.png,Normal
COVID-2671.png,COVID
Normal-8484.png,Normal
Normal-5638.png,Normal
Normal-8210.png,Normal
Normal-1505.png,Normal
Normal-4651.png,Normal
COVID-640.png,COVID
Normal-1163.png,Normal
Normal-934.png,Normal
Normal-2424.png,Normal
Normal-8327.png,Normal
Normal-6910.png,Normal
Normal-8503.png,Normal
COVID-929.png,COVID
Normal-8448.png,Normal
COVID-54.png,COVID
Normal-7780.png,Normal
Normal-10156.png,Normal
Normal-7141.png,Normal
Normal-1048.png,Normal
Normal-3518.png,Normal
Normal-2820.png,Normal
COVID-2999.png,COVID
Normal-113.png,Normal
Viral Pneumonia-954.png,Viral Pneumonia
Normal-3298.png,Normal
Normal-1368.png,Normal
Normal-10115.png,Normal
Viral Pneumonia-1075.png,Viral Pneumonia
Viral Pneumonia-629.png,Viral Pneumonia
Normal-8883.png,Normal
COVID-2978.png,COVID
Normal-6741.png,Normal
Normal-8775.png,Normal
Normal-7090.png,Normal
Normal-526.png,Normal
COVID-421.png,COVID
COVID-2323.png,COVID
COVID-2811.png,COVID
COVID-581.png,COVID
Normal-4129.png,Normal
COVID-2363.png,COVID
COVID-173.png,COVID
Normal-7703.png,Normal
Normal-2677.png,Normal
Normal-3585.png,Normal
Normal-1356.png,Normal
Viral Pneumonia-183.png,Viral Pneumonia
Normal-4898.png,Normal
COVID-2025.png,COVID
COVID-2206.png,COVID
Normal-6591.png,Normal
Normal-5354.png,Normal
Normal-84.png,Normal
Normal-3304.png,Normal
COVID-1487.png,COVID
Normal-5463.png,Normal
Normal-4199.png,Normal
Normal-3876.png,Normal
Normal-3381.png,Normal
Normal-5391.png,Normal
COVID-674.png,COVID
Normal-5780.png,Normal
Normal-331.png,Normal
COVID-3506.png,COVID
Normal-9705.png,Normal
COVID-1656.png,COVID
Normal-9418.png,Normal
COVID-2784.png,COVID
COVID-2787.png,COVID
Normal-4111.png,Normal
Viral Pneumonia-715.png,Viral Pneumonia
Normal-3361.png,Normal
Viral Pneumonia-678.png,Viral Pneumonia
Normal-7651.png,Normal
Normal-2506.png,Normal
Normal-4069.png,Normal
Normal-7193.png,Normal
Normal-2813.png,Normal
Normal-9817.png,Normal
Normal-1982.png,Normal
Normal-6842.png,Normal
Normal-2981.png,Normal
COVID-1949.png,COVID
Normal-2218.png,Normal
Normal-9.png,Normal
COVID-46.png,COVID
COVID-135.png,COVID
Normal-5443.png,Normal
Normal-7008.png,Normal
Normal-7275.png,Normal
Normal-7856.png,Normal
Normal-3273.png,Normal
Normal-4838.png,Normal
Normal-9704.png,Normal
Normal-1302.png,Normal
COVID-1483.png,COVID
Normal-8452.png,Normal
Normal-8552.png,Normal
Normal-10102.png,Normal
COVID-2426.png,COVID
COVID-2405.png,COVID
Normal-6205.png,Normal
Normal-632.png,Normal
Normal-1338.png,Normal
Normal-2105.png,Normal
COVID-3183.png,COVID
Normal-3680.png,Normal
COVID-2558.png,COVID
Normal-3824.png,Normal
COVID-659.png,COVID
Normal-10021.png,Normal
Normal-8898.png,Normal
Normal-5712.png,Normal
COVID-1679.png,COVID
Normal-10014.png,Normal
Normal-7490.png,Normal
Normal-8364.png,Normal
Viral Pneumonia-1344.png,Viral Pneumonia
Normal-8928.png,Normal
Viral Pneumonia-701.png,Viral Pneumonia
Normal-722.png,Normal
Normal-5240.png,Normal
Viral Pneumonia-757.png,Viral Pneumonia
Normal-4288.png,Normal
Normal-4081.png,Normal
Normal-2395.png,Normal
COVID-946.png,COVID
Viral Pneumonia-1238.png,Viral Pneumonia
Normal-2378.png,Normal
Normal-5786.png,Normal
Normal-10167.png,Normal
Normal-148.png,Normal
COVID-3424.png,COVID
Normal-3912.png,Normal
Normal-9745.png,Normal
Normal-2872.png,Normal
Normal-4638.png,Normal
Normal-1453.png,Normal
Normal-7068.png,Normal
Normal-1534.png,Normal
Normal-2928.png,Normal
Normal-8458.png,Normal
Normal-8267.png,Normal
Normal-7580.png,Normal
Normal-3920.png,Normal
COVID-1371.png,COVID
Normal-993.png,Normal
Normal-5346.png,Normal
Normal-5456.png,Normal
Viral Pneumonia-318.png,Viral Pneumonia
COVID-835.png,COVID
Normal-3565.png,Normal
Normal-1419.png,Normal
COVID-1319.png,COVID
COVID-1079.png,COVID
Normal-2824.png,Normal
Normal-1027.png,Normal
Normal-9961.png,Normal
COVID-2564.png,COVID
Normal-1269.png,Normal
Normal-5661.png,Normal
Normal-759.png,Normal
Normal-174.png,Normal
COVID-118.png,COVID
Normal-9404.png,Normal
COVID-523.png,COVID
COVID-943.png,COVID
COVID-1951.png,COVID
COVID-916.png,COVID
Viral Pneumonia-513.png,Viral Pneumonia
COVID-767.png,COVID
COVID-2602.png,COVID
Normal-7049.png,Normal
Normal-4459.png,Normal
COVID-747.png,COVID
COVID-1095.png,COVID
Normal-7416.png,Normal
COVID-668.png,COVID
COVID-808.png,COVID
COVID-3540.png,COVID
Normal-4834.png,Normal
Normal-4581.png,Normal
Normal-348.png,Normal
Normal-7333.png,Normal
Normal-6833.png,Normal
Normal-8584.png,Normal
Viral Pneumonia-1310.png,Viral Pneumonia
Normal-5204.png,Normal
COVID-1054.png,COVID
Normal-7407.png,Normal
Normal-7166.png,Normal
Normal-808.png,Normal
COVID-1682.png,COVID
Normal-7145.png,Normal
COVID-2582.png,COVID
Normal-2941.png,Normal
COVID-2926.png,COVID
Normal-6306.png,Normal
Normal-1216.png,Normal
Normal-6011.png,Normal
Normal-7523.png,Normal
Normal-6461.png,Normal
COVID-2834.png,COVID
COVID-952.png,COVID
Viral Pneumonia-218.png,Viral Pneumonia
Viral Pneumonia-673.png,Viral Pneumonia
Normal-3029.png,Normal
Normal-4342.png,Normal
Normal-9337.png,Normal
Normal-1857.png,Normal
Normal-4886.png,Normal
Normal-4333.png,Normal
Normal-3129.png,Normal
Viral Pneumonia-588.png,Viral Pneumonia
Normal-6610.png,Normal
Normal-3622.png,Normal
COVID-120.png,COVID
Normal-7791.png,Normal
Viral Pneumonia-740.png,Viral Pneumonia
Normal-3031.png,Normal
Normal-9086.png,Normal
Normal-7592.png,Normal
COVID-3335.png,COVID
Normal-7528.png,Normal
COVID-2782.png,COVID
COVID-192.png,COVID
Normal-7429.png,Normal
Normal-5338.png,Normal
Normal-7477.png,Normal
COVID-3242.png,COVID
Normal-2807.png,Normal
Normal-491.png,Normal
COVID-1503.png,COVID
Normal-779.png,Normal
Normal-3653.png,Normal
COVID-1664.png,COVID
Normal-7089.png,Normal
Normal-9821.png,Normal
Normal-2950.png,Normal
Normal-9850.png,Normal
Normal-8235.png,Normal
Viral Pneumonia-825.png,Viral Pneumonia
Normal-5971.png,Normal
Normal-327.png,Normal
COVID-3254.png,COVID
Viral Pneumonia-1057.png,Viral Pneumonia
Normal-5201.png,Normal
Viral Pneumonia-1061.png,Viral Pneumonia
Normal-5944.png,Normal
Normal-8504.png,Normal
Normal-7845.png,Normal
Viral Pneumonia-950.png,Viral Pneumonia
Viral Pneumonia-680.png,Viral Pneumonia
Normal-9020.png,Normal
Normal-5341.png,Normal
Normal-3179.png,Normal
Normal-6424.png,Normal
Normal-7372.png,Normal
Normal-4017.png,Normal
COVID-1680.png,COVID
Viral Pneumonia-96.png,Viral Pneumonia
Normal-9286.png,Normal
Normal-3390.png,Normal
Normal-1105.png,Normal
COVID-633.png,COVID
COVID-1186.png,COVID
Viral Pneumonia-892.png,Viral Pneumonia
Normal-5526.png,Normal
COVID-516.png,COVID
Normal-59.png,Normal
COVID-578.png,COVID
Normal-2688.png,Normal
Normal-3307.png,Normal
COVID-1409.png,COVID
Normal-2548.png,Normal
Normal-9099.png,Normal
Viral Pneumonia-1315.png,Viral Pneumonia
Viral Pneumonia-1172.png,Viral Pneumonia
Normal-5028.png,Normal
Normal-2725.png,Normal
Normal-4526.png,Normal
Normal-897.png,Normal
Normal-1517.png,Normal
Normal-3801.png,Normal
Normal-7103.png,Normal
Normal-5231.png,Normal
COVID-2494.png,COVID
Normal-1134.png,Normal
COVID-317.png,COVID
Normal-232.png,Normal
Normal-2947.png,Normal
COVID-719.png,COVID
Normal-4664.png,Normal
Normal-6756.png,Normal
Normal-8221.png,Normal
Normal-7618.png,Normal
Normal-105.png,Normal
Normal-9521.png,Normal
Normal-4876.png,Normal
Normal-8182.png,Normal
Normal-3875.png,Normal
COVID-1502.png,COVID
COVID-2780.png,COVID
COVID-2003.png,COVID
Normal-1546.png,Normal
Normal-314.png,Normal
Normal-5731.png,Normal
Viral Pneumonia-534.png,Viral Pneumonia
Normal-4378.png,Normal
Normal-8878.png,Normal
COVID-854.png,COVID
Viral Pneumonia-754.png,Viral Pneumonia
COVID-1596.png,COVID
Normal-2833.png,Normal
Normal-7614.png,Normal
COVID-1248.png,COVID
COVID-3231.png,COVID
Normal-5549.png,Normal
Normal-5782.png,Normal
Normal-4324.png,Normal
Normal-3070.png,Normal
Normal-5115.png,Normal
Normal-5168.png,Normal
COVID-269.png,COVID
Normal-1174.png,Normal
Normal-8939.png,Normal
Normal-6857.png,Normal
Viral Pneumonia-1091.png,Viral Pneumonia
COVID-1675.png,COVID
Normal-5352.png,Normal
Normal-56.png,Normal
Normal-6453.png,Normal
Viral Pneumonia-1317.png,Viral Pneumonia
Normal-10059.png,Normal
Normal-9806.png,Normal
Normal-941.png,Normal
Normal-151.png,Normal
Viral Pneumonia-1083.png,Viral Pneumonia
Normal-6973.png,Normal
Viral Pneumonia-211.png,Viral Pneumonia
Normal-4707.png,Normal
COVID-3159.png,COVID
Viral Pneumonia-1339.png,Viral Pneumonia
Normal-1538.png,Normal
Normal-7979.png,Normal
Normal-2331.png,Normal
COVID-2747.png,COVID
COVID-2012.png,COVID
Normal-6096.png,Normal
Normal-3999.png,Normal
Normal-8872.png,Normal
COVID-3138.png,COVID
Normal-6428.png,Normal
Viral Pneumonia-307.png,Viral Pneumonia
Normal-9443.png,Normal
COVID-2081.png,COVID
COVID-1880.png,COVID
Normal-1839.png,Normal
COVID-2379.png,COVID
Normal-4801.png,Normal
Normal-9133.png,Normal
COVID-285.png,COVID
Normal-1188.png,Normal
COVID-1292.png,COVID
Normal-6434.png,Normal
Normal-6244.png,Normal
COVID-3140.png,COVID
COVID-1570.png,COVID
Normal-8102.png,Normal
Normal-2528.png,Normal
Normal-8557.png,Normal
Normal-2745.png,Normal
COVID-2825.png,COVID
Normal-7268.png,Normal
Normal-6885.png,Normal
COVID-2211.png,COVID
Normal-4209.png,Normal
Viral Pneumonia-518.png,Viral Pneumonia
Normal-8116.png,Normal
Normal-5533.png,Normal
Normal-6692.png,Normal
Normal-7757.png,Normal
Normal-9876.png,Normal
Normal-1578.png,Normal
Normal-8976.png,Normal
Normal-6223.png,Normal
COVID-268.png,COVID
COVID-97.png,COVID
Normal-1055.png,Normal
Viral Pneumonia-159.png,Viral Pneumonia
Normal-5507.png,Normal
Normal-1792.png,Normal
Normal-1533.png,Normal
COVID-2709.png,COVID
Normal-7544.png,Normal
COVID-1463.png,COVID
COVID-1774.png,COVID
Normal-5872.png,Normal
Normal-3245.png,Normal
Normal-2909.png,Normal
Normal-3736.png,Normal
COVID-87.png,COVID
Normal-5823.png,Normal
Normal-1957.png,Normal
Viral Pneumonia-833.png,Viral Pneumonia
Normal-7266.png,Normal
Normal-2451.png,Normal
Normal-6360.png,Normal
COVID-181.png,COVID
Normal-8519.png,Normal
COVID-703.png,COVID
Viral Pneumonia-547.png,Viral Pneumonia
COVID-1274.png,COVID
Normal-2599.png,Normal
Normal-5907.png,Normal
Normal-8662.png,Normal
Normal-6972.png,Normal
Normal-7182.png,Normal
COVID-3003.png,COVID
Normal-9303.png,Normal
COVID-29.png,COVID
Viral Pneumonia-1329.png,Viral Pneumonia
COVID-149.png,COVID
Normal-5458.png,Normal
Normal-2467.png,Normal
Normal-8864.png,Normal
Normal-9725.png,Normal
Normal-3966.png,Normal
Normal-676.png,Normal
Normal-317.png,Normal
COVID-3562.png,COVID
Normal-6937.png,Normal
Normal-9930.png,Normal
COVID-202.png,COVID
COVID-2977.png,COVID
Normal-3759.png,Normal
Viral Pneumonia-611.png,Viral Pneumonia
Normal-8236.png,Normal
COVID-2498.png,COVID
COVID-319.png,COVID
Normal-4848.png,Normal
Normal-7889.png,Normal
COVID-2381.png,COVID
Normal-1810.png,Normal
Normal-347.png,Normal
Viral Pneumonia-616.png,Viral Pneumonia
Normal-3906.png,Normal
Normal-7833.png,Normal
COVID-3104.png,COVID
Normal-197.png,Normal
COVID-1406.png,COVID
Viral Pneumonia-721.png,Viral Pneumonia
Normal-5059.png,Normal
Viral Pneumonia-915.png,Viral Pneumonia
Viral Pneumonia-54.png,Viral Pneumonia
COVID-2181.png,COVID
Normal-7610.png,Normal
Normal-6898.png,Normal
Normal-3083.png,Normal
Normal-4519.png,Normal
Normal-9955.png,Normal
Normal-5837.png,Normal
Normal-3018.png,Normal
Normal-4004.png,Normal
COVID-2622.png,COVID
Normal-6012.png,Normal
COVID-3107.png,COVID
Normal-3139.png,Normal
Normal-2124.png,Normal
COVID-141.png,COVID
Normal-6565.png,Normal
COVID-542.png,COVID
COVID-327.png,COVID
Viral Pneumonia-212.png,Viral Pneumonia
Normal-5663.png,Normal
Normal-1879.png,Normal
Normal-3537.png,Normal
Normal-1348.png,Normal
Normal-7704.png,Normal
Normal-6479.png,Normal
Normal-7198.png,Normal
Normal-4413.png,Normal
COVID-231.png,COVID
Normal-1113.png,Normal
Viral Pneumonia-1087.png,Viral Pneumonia
COVID-613.png,COVID
Normal-9397.png,Normal
Normal-4419.png,Normal
Normal-8459.png,Normal
Viral Pneumonia-151.png,Viral Pneumonia
Normal-7442.png,Normal
COVID-2153.png,COVID
Normal-4818.png,Normal
COVID-2170.png,COVID
Normal-2871.png,Normal
Normal-5104.png,Normal
Normal-6145.png,Normal
Viral Pneumonia-74.png,Viral Pneumonia
Normal-7689.png,Normal
Normal-1919.png,Normal
Normal-4683.png,Normal
Normal-2245.png,Normal
Normal-3178.png,Normal
Viral Pneumonia-947.png,Viral Pneumonia
Normal-715.png,Normal
Viral Pneumonia-1321.png,Viral Pneumonia
Normal-9455.png,Normal
Normal-8273.png,Normal
Normal-5512.png,Normal
Normal-1497.png,Normal
Normal-6683.png,Normal
Normal-5373.png,Normal
Normal-7760.png,Normal
Normal-3956.png,Normal
Viral Pneumonia-1143.png,Viral Pneumonia
COVID-1390.png,COVID
COVID-3332.png,COVID
Normal-8663.png,Normal
Normal-3727.png,Normal
COVID-3504.png,COVID
Normal-6367.png,Normal
Normal-3512.png,Normal
COVID-359.png,COVID
Normal-8215.png,Normal
Normal-6837.png,Normal
COVID-2002.png,COVID
Normal-8483.png,Normal
Viral Pneumonia-853.png,Viral Pneumonia
Normal-5425.png,Normal
COVID-2134.png,COVID
Normal-8097.png,Normal
Normal-8626.png,Normal
Normal-3431.png,Normal
Normal-440.png,Normal
Normal-2257.png,Normal
Normal-1642.png,Normal
COVID-2669.png,COVID
Normal-7777.png,Normal
Viral Pneumonia-1137.png,Viral Pneumonia
Normal-8035.png,Normal
Normal-599.png,Normal
Normal-3812.png,Normal
COVID-1311.png,COVID
Normal-222.png,Normal
Viral Pneumonia-201.png,Viral Pneumonia
COVID-1063.png,COVID
Normal-3101.png,Normal
Normal-6476.png,Normal
Normal-4672.png,Normal
Normal-9449.png,Normal
Normal-4185.png,Normal
Normal-5492.png,Normal
Normal-7957.png,Normal
COVID-1456.png,COVID
Normal-7418.png,Normal
Normal-2178.png,Normal
Normal-6191.png,Normal
Normal-4595.png,Normal
Normal-9411.png,Normal
Normal-142.png,Normal
Viral Pneumonia-134.png,Viral Pneumonia
Normal-9341.png,Normal
Viral Pneumonia-762.png,Viral Pneumonia
COVID-3180.png,COVID
COVID-2114.png,COVID
COVID-398.png,COVID
COVID-2647.png,COVID
Viral Pneumonia-863.png,Viral Pneumonia
Normal-9872.png,Normal
Viral Pneumonia-135.png,Viral Pneumonia
Normal-9479.png,Normal
Normal-3391.png,Normal
COVID-1254.png,COVID
COVID-1424.png,COVID
Normal-4144.png,Normal
Normal-8392.png,Normal
Normal-1314.png,Normal
Viral Pneumonia-445.png,Viral Pneumonia
Normal-10051.png,Normal
Normal-8115.png,Normal
Normal-3065.png,Normal
Normal-2673.png,Normal
COVID-2859.png,COVID
COVID-2708.png,COVID
Normal-4494.png,Normal
COVID-1050.png,COVID
Normal-9723.png,Normal
Normal-9376.png,Normal
Normal-7317.png,Normal
Normal-5344.png,Normal
COVID-2022.png,COVID
Normal-9335.png,Normal
Normal-10106.png,Normal
COVID-1621.png,COVID
Normal-5329.png,Normal
COVID-577.png,COVID
Normal-9226.png,Normal
Viral Pneumonia-336.png,Viral Pneumonia
Viral Pneumonia-669.png,Viral Pneumonia
Normal-8964.png,Normal
COVID-3539.png,COVID
Normal-6338.png,Normal
Normal-2081.png,Normal
Normal-9001.png,Normal
COVID-2244.png,COVID
COVID-1906.png,COVID
Normal-7700.png,Normal
Normal-5777.png,Normal
Normal-3897.png,Normal
Normal-8156.png,Normal
Normal-7648.png,Normal
COVID-2430.png,COVID
Normal-7130.png,Normal
Normal-5068.png,Normal
COVID-901.png,COVID
Normal-2518.png,Normal
Normal-7536.png,Normal
COVID-3377.png,COVID
Viral Pneumonia-1113.png,Viral Pneumonia
Normal-8601.png,Normal
Normal-8282.png,Normal
COVID-2307.png,COVID
Normal-6777.png,Normal
Viral Pneumonia-1082.png,Viral Pneumonia
Normal-120.png,Normal
Normal-2264.png,Normal
Normal-8708.png,Normal
Normal-9864.png,Normal
Normal-3794.png,Normal
Normal-123.png,Normal
COVID-3607.png,COVID
Normal-4544.png,Normal
Normal-3448.png,Normal
COVID-405.png,COVID
COVID-944.png,COVID
Normal-2732.png,Normal
Normal-1865.png,Normal
Normal-1132.png,Normal
Normal-3180.png,Normal
Normal-590.png,Normal
COVID-2818.png,COVID
Normal-2080.png,Normal
Viral Pneumonia-485.png,Viral Pneumonia
Normal-1366.png,Normal
COVID-1705.png,COVID
Normal-4948.png,Normal
Normal-5304.png,Normal
COVID-2667.png,COVID
Normal-7197.png,Normal
Normal-957.png,Normal
COVID-1104.png,COVID
Normal-687.png,Normal
COVID-1135.png,COVID
COVID-1821.png,COVID
Normal-2161.png,Normal
COVID-2567.png,COVID
Normal-1074.png,Normal
COVID-2020.png,COVID
Normal-9727.png,Normal
Normal-1299.png,Normal
Normal-1286.png,Normal
Normal-2882.png,Normal
Normal-5392.png,Normal
COVID-2302.png,COVID
Normal-879.png,Normal
COVID-527.png,COVID
Viral Pneumonia-440.png,Viral Pneumonia
Normal-220.png,Normal
Normal-7795.png,Normal
Normal-6555.png,Normal
Normal-5298.png,Normal
COVID-1764.png,COVID
Normal-8310.png,Normal
Normal-9994.png,Normal
Normal-3321.png,Normal
Normal-5923.png,Normal
Viral Pneumonia-416.png,Viral Pneumonia
COVID-3346.png,COVID
Normal-9398.png,Normal
Normal-1332.png,Normal
Normal-3457.png,Normal
Viral Pneumonia-914.png,Viral Pneumonia
Normal-2905.png,Normal
Normal-604.png,Normal
Normal-9114.png,Normal
Normal-1550.png,Normal
COVID-414.png,COVID
Normal-3073.png,Normal
Viral Pneumonia-632.png,Viral Pneumonia
Normal-2945.png,Normal
Normal-4612.png,Normal
Normal-1915.png,Normal
Normal-2001.png,Normal
Normal-2635.png,Normal
Normal-2287.png,Normal
Normal-9535.png,Normal
Normal-10148.png,Normal
Normal-2190.png,Normal
Normal-3619.png,Normal
Normal-2973.png,Normal
COVID-2581.png,COVID
Normal-6675.png,Normal
COVID-50.png,COVID
Normal-81.png,Normal
Normal-5633.png,Normal
Normal-8271.png,Normal
Normal-2479.png,Normal
Viral Pneumonia-1103.png,Viral Pneumonia
Normal-2527.png,Normal
Normal-3300.png,Normal
Normal-321.png,Normal
Normal-917.png,Normal
Normal-9812.png,Normal
COVID-63.png,COVID
COVID-685.png,COVID
COVID-599.png,COVID
COVID-2938.png,COVID
Normal-7487.png,Normal
COVID-1313.png,COVID
Normal-7269.png,Normal
COVID-1542.png,COVID
COVID-2875.png,COVID
COVID-343.png,COVID
Normal-9895.png,Normal
Normal-294.png,Normal
Normal-4385.png,Normal
Normal-1276.png,Normal
Normal-7520.png,Normal
Normal-1603.png,Normal
Normal-1876.png,Normal
COVID-316.png,COVID
Normal-9594.png,Normal
Viral Pneumonia-1306.png,Viral Pneumonia
Normal-5132.png,Normal
COVID-1924.png,COVID
COVID-989.png,COVID
COVID-566.png,COVID
COVID-502.png,COVID
COVID-360.png,COVID
Normal-882.png,Normal
Viral Pneumonia-538.png,Viral Pneumonia
Normal-3931.png,Normal
Normal-3125.png,Normal
Normal-10089.png,Normal
COVID-3530.png,COVID
Normal-6903.png,Normal
Normal-8228.png,Normal
COVID-1603.png,COVID
COVID-2612.png,COVID
Viral Pneumonia-862.png,Viral Pneumonia
Normal-9415.png,Normal
Normal-8692.png,Normal
Viral Pneumonia-878.png,Viral Pneumonia
COVID-2675.png,COVID
Normal-4685.png,Normal
Viral Pneumonia-6.png,Viral Pneumonia
Normal-7737.png,Normal
Viral Pneumonia-1212.png,Viral Pneumonia
Normal-3095.png,Normal
Normal-3483.png,Normal
Viral Pneumonia-617.png,Viral Pneumonia
COVID-240.png,COVID
Normal-2717.png,Normal
Normal-6497.png,Normal
Normal-561.png,Normal
COVID-3297.png,COVID
Normal-3126.png,Normal
Normal-4349.png,Normal
COVID-1380.png,COVID
COVID-1088.png,COVID
Normal-224.png,Normal
COVID-1992.png,COVID
Normal-10025.png,Normal
COVID-1320.png,COVID
Normal-1750.png,Normal
Normal-3886.png,Normal
Viral Pneumonia-896.png,Viral Pneumonia
Normal-10043.png,Normal
Normal-6441.png,Normal
Normal-3917.png,Normal
Normal-2487.png,Normal
COVID-779.png,COVID
COVID-3611.png,COVID
COVID-1908.png,COVID
Normal-4265.png,Normal
Normal-4745.png,Normal
Normal-3453.png,Normal
Normal-4461.png,Normal
Normal-9412.png,Normal
Normal-8647.png,Normal
COVID-822.png,COVID
COVID-2501.png,COVID
Normal-8997.png,Normal
COVID-1580.png,COVID
Normal-5664.png,Normal
Normal-4803.png,Normal
Normal-10026.png,Normal
Normal-5698.png,Normal
COVID-693.png,COVID
Normal-3971.png,Normal
Viral Pneumonia-1129.png,Viral Pneumonia
Viral Pneumonia-84.png,Viral Pneumonia
Normal-5762.png,Normal
Normal-6544.png,Normal
Normal-9949.png,Normal
Normal-3088.png,Normal
Normal-7378.png,Normal
COVID-893.png,COVID
Normal-8946.png,Normal
Normal-7354.png,Normal
Normal-665.png,Normal
Normal-6396.png,Normal
Normal-193.png,Normal
Normal-6927.png,Normal
Normal-6414.png,Normal
Normal-4659.png,Normal
Normal-4356.png,Normal
Viral Pneumonia-1279.png,Viral Pneumonia
Normal-7151.png,Normal
COVID-3485.png,COVID
Viral Pneumonia-1230.png,Viral Pneumonia
COVID-2681.png,COVID
Normal-4871.png,Normal
Viral Pneumonia-713.png,Viral Pneumonia
Normal-8697.png,Normal
Normal-8368.png,Normal
Normal-6049.png,Normal
Viral Pneumonia-1211.png,Viral Pneumonia
COVID-387.png,COVID
COVID-646.png,COVID
Normal-236.png,Normal
Normal-5582.png,Normal
COVID-2321.png,COVID
Normal-2420.png,Normal
COVID-153.png,COVID
Normal-3835.png,Normal
Normal-128.png,Normal
Normal-3296.png,Normal
COVID-2996.png,COVID
Normal-7946.png,Normal
Normal-2693.png,Normal
Normal-2393.png,Normal
Normal-4018.png,Normal
Viral Pneumonia-42.png,Viral Pneumonia
Normal-9603.png,Normal
Normal-8124.png,Normal
Normal-8936.png,Normal
COVID-1245.png,COVID
Normal-6812.png,Normal
Viral Pneumonia-1106.png,Viral Pneumonia
COVID-2224.png,COVID
Normal-7080.png,Normal
Viral Pneumonia-939.png,Viral Pneumonia
Normal-4335.png,Normal
Normal-8909.png,Normal
Normal-8827.png,Normal
Normal-1816.png,Normal
Normal-3235.png,Normal
Normal-2351.png,Normal
Viral Pneumonia-653.png,Viral Pneumonia
Viral Pneumonia-991.png,Viral Pneumonia
Normal-9982.png,Normal
Normal-9293.png,Normal
COVID-2601.png,COVID
Normal-4361.png,Normal
Normal-1247.png,Normal
Viral Pneumonia-453.png,Viral Pneumonia
Normal-6137.png,Normal
Normal-6798.png,Normal
COVID-3278.png,COVID
Normal-9218.png,Normal
COVID-15.png,COVID
COVID-1191.png,COVID
Normal-441.png,Normal
Normal-7779.png,Normal
Normal-305.png,Normal
COVID-1669.png,COVID
COVID-1098.png,COVID
Normal-17.png,Normal
Normal-543.png,Normal
Normal-2607.png,Normal
Normal-2008.png,Normal
Normal-9324.png,Normal
Normal-791.png,Normal
Normal-8890.png,Normal
COVID-1812.png,COVID
Normal-951.png,Normal
COVID-311.png,COVID
COVID-2361.png,COVID
COVID-953.png,COVID
Normal-1813.png,Normal
COVID-2861.png,COVID
Normal-7507.png,Normal
Normal-4836.png,Normal
Normal-9514.png,Normal
Normal-2749.png,Normal
Normal-9623.png,Normal
Normal-2469.png,Normal
COVID-2282.png,COVID
Viral Pneumonia-1235.png,Viral Pneumonia
Normal-6240.png,Normal
Normal-62.png,Normal
COVID-766.png,COVID
COVID-3475.png,COVID
Viral Pneumonia-384.png,Viral Pneumonia
Normal-7586.png,Normal
Normal-1176.png,Normal
Normal-6208.png,Normal
COVID-1178.png,COVID
Normal-1589.png,Normal
COVID-1786.png,COVID
Normal-3472.png,Normal
Normal-7787.png,Normal
Normal-1205.png,Normal
Normal-6821.png,Normal
COVID-2827.png,COVID
Normal-6004.png,Normal
Normal-4469.png,Normal
Viral Pneumonia-943.png,Viral Pneumonia
COVID-3546.png,COVID
COVID-891.png,COVID
Normal-2389.png,Normal
Normal-2818.png,Normal
Normal-2208.png,Normal
COVID-2960.png,COVID
Viral Pneumonia-871.png,Viral Pneumonia
COVID-1937.png,COVID
Normal-1310.png,Normal
Normal-8486.png,Normal
Viral Pneumonia-175.png,Viral Pneumonia
COVID-2947.png,COVID
Normal-9888.png,Normal
Normal-8284.png,Normal
Normal-9437.png,Normal
COVID-705.png,COVID
Normal-3161.png,Normal
Normal-2757.png,Normal
Normal-6863.png,Normal
Normal-8833.png,Normal
Viral Pneumonia-437.png,Viral Pneumonia
Viral Pneumonia-1222.png,Viral Pneumonia
Viral Pneumonia-1188.png,Viral Pneumonia
COVID-215.png,COVID
Viral Pneumonia-996.png,Viral Pneumonia
Normal-2267.png,Normal
Normal-4030.png,Normal
COVID-1984.png,COVID
Normal-8198.png,Normal
COVID-1307.png,COVID
COVID-275.png,COVID
Viral Pneumonia-725.png,Viral Pneumonia
Normal-4770.png,Normal
Normal-3717.png,Normal
Viral Pneumonia-259.png,Viral Pneumonia
Viral Pneumonia-5.png,Viral Pneumonia
Normal-5671.png,Normal
Normal-5468.png,Normal
Normal-3649.png,Normal
COVID-1934.png,COVID
Normal-9908.png,Normal
COVID-743.png,COVID
Normal-618.png,Normal
Normal-4655.png,Normal
COVID-1026.png,COVID
Normal-7027.png,Normal
Normal-3196.png,Normal
COVID-732.png,COVID
Normal-3519.png,Normal
Viral Pneumonia-971.png,Viral Pneumonia
COVID-2600.png,COVID
COVID-922.png,COVID
Normal-2569.png,Normal
Normal-8943.png,Normal
Normal-587.png,Normal
Normal-6275.png,Normal
Normal-7181.png,Normal
Viral Pneumonia-1193.png,Viral Pneumonia
COVID-1078.png,COVID
COVID-2883.png,COVID
Normal-8735.png,Normal
Normal-2837.png,Normal
Viral Pneumonia-484.png,Viral Pneumonia
Normal-6797.png,Normal
Normal-1335.png,Normal
Normal-1695.png,Normal
Normal-6490.png,Normal
Normal-5796.png,Normal
COVID-2701.png,COVID
Viral Pneumonia-875.png,Viral Pneumonia
COVID-2392.png,COVID
Normal-8995.png,Normal
Normal-5263.png,Normal
Normal-1756.png,Normal
Normal-8811.png,Normal
Normal-6386.png,Normal
Normal-6204.png,Normal
Normal-1400.png,Normal
Normal-1543.png,Normal
COVID-635.png,COVID
COVID-3154.png,COVID
Normal-9503.png,Normal
Normal-2356.png,Normal
Normal-9791.png,Normal
Normal-5858.png,Normal
Normal-8372.png,Normal
Normal-3292.png,Normal
Viral Pneumonia-4.png,Viral Pneumonia
Normal-7561.png,Normal
Normal-5482.png,Normal
COVID-2401.png,COVID
Normal-9504.png,Normal
COVID-708.png,COVID
Normal-10000.png,Normal
Normal-9683.png,Normal
Normal-2867.png,Normal
Normal-4902.png,Normal
COVID-3084.png,COVID
COVID-2139.png,COVID
COVID-2314.png,COVID
Normal-2230.png,Normal
COVID-475.png,COVID
Normal-8434.png,Normal
Normal-4538.png,Normal
Normal-677.png,Normal
Normal-5520.png,Normal
Viral Pneumonia-497.png,Viral Pneumonia
Normal-1544.png,Normal
Normal-2627.png,Normal
Normal-10137.png,Normal
Normal-4950.png,Normal
Normal-4629.png,Normal
COVID-918.png,COVID
COVID-2300.png,COVID
COVID-2440.png,COVID
Normal-6103.png,Normal
Normal-1512.png,Normal
Viral Pneumonia-561.png,Viral Pneumonia
COVID-1373.png,COVID
Normal-4986.png,Normal
COVID-1913.png,COVID
Normal-786.png,Normal
Normal-1968.png,Normal
Normal-1609.png,Normal
Normal-1753.png,Normal
Normal-7873.png,Normal
Normal-9325.png,Normal
Viral Pneumonia-482.png,Viral Pneumonia
Normal-2449.png,Normal
Normal-7880.png,Normal
Normal-9688.png,Normal
Normal-2910.png,Normal
Normal-9754.png,Normal
Normal-4541.png,Normal
COVID-82.png,COVID
COVID-272.png,COVID
Normal-8646.png,Normal
Normal-7919.png,Normal
Normal-7817.png,Normal
Normal-853.png,Normal
COVID-2172.png,COVID
Normal-9760.png,Normal
Normal-7679.png,Normal
Normal-1474.png,Normal
COVID-2399.png,COVID
Normal-3704.png,Normal
COVID-247.png,COVID
Normal-1257.png,Normal
Normal-1868.png,Normal
COVID-2586.png,COVID
Normal-2885.png,Normal
COVID-1654.png,COVID
COVID-3524.png,COVID
Normal-2126.png,Normal
Viral Pneumonia-1221.png,Viral Pneumonia
Normal-2924.png,Normal
Normal-2649.png,Normal
COVID-2603.png,COVID
COVID-3446.png,COVID
COVID-2644.png,COVID
Normal-8256.png,Normal
Normal-672.png,Normal
Normal-9746.png,Normal
Normal-3891.png,Normal
Normal-5461.png,Normal
Normal-2192.png,Normal
COVID-2514.png,COVID
Normal-4621.png,Normal
Normal-2806.png,Normal
Normal-5821.png,Normal
COVID-179.png,COVID
Normal-7366.png,Normal
Normal-3955.png,Normal
Normal-7469.png,Normal
Normal-10078.png,Normal
Normal-738.png,Normal
Normal-9682.png,Normal
COVID-1820.png,COVID
Normal-705.png,Normal
Normal-7838.png,Normal
Normal-7236.png,Normal
Normal-3344.png,Normal
Normal-6836.png,Normal
Normal-6612.png,Normal
Normal-9628.png,Normal
Normal-1996.png,Normal
Normal-1426.png,Normal
Normal-9810.png,Normal
COVID-1334.png,COVID
COVID-3572.png,COVID
Normal-138.png,Normal
COVID-2394.png,COVID
Normal-873.png,Normal
Normal-1409.png,Normal
Normal-6992.png,Normal
COVID-1276.png,COVID
Viral Pneumonia-734.png,Viral Pneumonia
COVID-471.png,COVID
COVID-3359.png,COVID
Viral Pneumonia-385.png,Viral Pneumonia
Normal-7857.png,Normal
Normal-1530.png,Normal
COVID-1650.png,COVID
Normal-9795.png,Normal
Normal-9811.png,Normal
COVID-1748.png,COVID
COVID-2828.png,COVID
Normal-7786.png,Normal
COVID-476.png,COVID
COVID-55.png,COVID
Normal-825.png,Normal
COVID-1009.png,COVID
Normal-4524.png,Normal
Normal-6761.png,Normal
Normal-8145.png,Normal
Normal-8771.png,Normal
Normal-4527.png,Normal
COVID-1076.png,COVID
Viral Pneumonia-810.png,Viral Pneumonia
COVID-26.png,COVID
Normal-4909.png,Normal
COVID-624.png,COVID
Normal-5026.png,Normal
Normal-7991.png,Normal
COVID-3358.png,COVID
Normal-7729.png,Normal
Normal-5481.png,Normal
Normal-8406.png,Normal
Normal-4005.png,Normal
COVID-1885.png,COVID
Normal-7467.png,Normal
Normal-6362.png,Normal
Normal-3513.png,Normal
Viral Pneumonia-241.png,Viral Pneumonia
Normal-8106.png,Normal
Normal-5089.png,Normal
Normal-5244.png,Normal
Viral Pneumonia-1081.png,Viral Pneumonia
COVID-1173.png,COVID
Normal-2075.png,Normal
Normal-6159.png,Normal
Normal-7926.png,Normal
Normal-2646.png,Normal
Normal-9633.png,Normal
Viral Pneumonia-476.png,Viral Pneumonia
Normal-2667.png,Normal
COVID-2614.png,COVID
Normal-1525.png,Normal
Normal-7179.png,Normal
COVID-1867.png,COVID
Normal-3771.png,Normal
Viral Pneumonia-1072.png,Viral Pneumonia
Normal-9118.png,Normal
Normal-3121.png,Normal
COVID-1185.png,COVID
Normal-6886.png,Normal
Normal-5355.png,Normal
Normal-8224.png,Normal
Normal-68.png,Normal
COVID-1945.png,COVID
Normal-5232.png,Normal
Normal-5376.png,Normal
Normal-1749.png,Normal
COVID-2740.png,COVID
Normal-900.png,Normal
Normal-6897.png,Normal
Normal-1956.png,Normal
Normal-7493.png,Normal
Normal-421.png,Normal
Normal-4676.png,Normal
Normal-6739.png,Normal
COVID-862.png,COVID
Normal-9884.png,Normal
Normal-4110.png,Normal
COVID-3139.png,COVID
Normal-7670.png,Normal
COVID-1439.png,COVID
Normal-8070.png,Normal
Normal-983.png,Normal
Normal-1648.png,Normal
Normal-7222.png,Normal
Viral Pneumonia-1286.png,Viral Pneumonia
COVID-3197.png,COVID
Normal-4051.png,Normal
Normal-4880.png,Normal
Normal-3320.png,Normal
Normal-5743.png,Normal
COVID-234.png,COVID
Normal-6499.png,Normal
COVID-1351.png,COVID
Normal-686.png,Normal
Viral Pneumonia-560.png,Viral Pneumonia
Normal-4462.png,Normal
Normal-2587.png,Normal
Normal-7716.png,Normal
COVID-2721.png,COVID
COVID-3117.png,COVID
Normal-9636.png,Normal
Viral Pneumonia-670.png,Viral Pneumonia
Normal-258.png,Normal
Normal-10140.png,Normal
Normal-8127.png,Normal
Normal-949.png,Normal
Normal-10038.png,Normal
Viral Pneumonia-1157.png,Viral Pneumonia
COVID-1362.png,COVID
Normal-3530.png,Normal
Normal-198.png,Normal
COVID-2829.png,COVID
Normal-2994.png,Normal
COVID-2862.png,COVID
Normal-748.png,Normal
COVID-3146.png,COVID
Viral Pneumonia-83.png,Viral Pneumonia
Normal-2015.png,Normal
Normal-8717.png,Normal
COVID-1003.png,COVID
Normal-7502.png,Normal
COVID-600.png,COVID
Normal-1375.png,Normal
Normal-9996.png,Normal
Normal-579.png,Normal
Normal-4786.png,Normal
COVID-2311.png,COVID
COVID-243.png,COVID
COVID-1195.png,COVID
Normal-3228.png,Normal
Normal-6805.png,Normal
COVID-1197.png,COVID
Normal-3695.png,Normal
Normal-5430.png,Normal
COVID-787.png,COVID
Normal-8901.png,Normal
Normal-5265.png,Normal
Normal-1848.png,Normal
Normal-8192.png,Normal
Normal-990.png,Normal
Normal-6395.png,Normal
Normal-2499.png,Normal
Normal-8605.png,Normal
COVID-1270.png,COVID
Normal-9937.png,Normal
Normal-5557.png,Normal
Normal-1958.png,Normal
Normal-9681.png,Normal
Viral Pneumonia-733.png,Viral Pneumonia
COVID-3470.png,COVID
Normal-5510.png,Normal
Normal-1076.png,Normal
Normal-7189.png,Normal
Normal-3142.png,Normal
COVID-1766.png,COVID
Normal-8135.png,Normal
Normal-5402.png,Normal
Normal-7952.png,Normal
Normal-1009.png,Normal
Normal-5302.png,Normal
Normal-1943.png,Normal
COVID-1259.png,COVID
COVID-218.png,COVID
Normal-813.png,Normal
COVID-1610.png,COVID
Normal-3568.png,Normal
Normal-9625.png,Normal
Normal-3488.png,Normal
COVID-1034.png,COVID
COVID-2218.png,COVID
Normal-7980.png,Normal
COVID-1889.png,COVID
COVID-967.png,COVID
Normal-6310.png,Normal
Normal-7246.png,Normal
COVID-721.png,COVID
Normal-2261.png,Normal
COVID-1670.png,COVID
COVID-2975.png,COVID
Normal-1425.png,Normal
Viral Pneumonia-1318.png,Viral Pneumonia
Normal-9262.png,Normal
COVID-88.png,COVID
COVID-1348.png,COVID
COVID-1199.png,COVID
Normal-4383.png,Normal
Normal-39.png,Normal
Normal-9564.png,Normal
Normal-2205.png,Normal
Normal-7339.png,Normal
Normal-2764.png,Normal
COVID-3181.png,COVID
Normal-4304.png,Normal
Normal-3057.png,Normal
COVID-485.png,COVID
Normal-4736.png,Normal
Normal-2366.png,Normal
Normal-4121.png,Normal
COVID-287.png,COVID
Normal-3987.png,Normal
Normal-1360.png,Normal
Normal-5750.png,Normal
Normal-3720.png,Normal
Normal-8477.png,Normal
COVID-277.png,COVID
Normal-7781.png,Normal
Normal-7731.png,Normal
Normal-8733.png,Normal
Normal-3878.png,Normal
COVID-1037.png,COVID
Normal-1840.png,Normal
COVID-1093.png,COVID
Normal-5720.png,Normal
COVID-3340.png,COVID
COVID-3360.png,COVID
Normal-6194.png,Normal
Normal-2495.png,Normal
COVID-2111.png,COVID
Viral Pneumonia-473.png,Viral Pneumonia
Viral Pneumonia-2.png,Viral Pneumonia
Normal-5112.png,Normal
Normal-5608.png,Normal
Normal-5060.png,Normal
Viral Pneumonia-193.png,Viral Pneumonia
COVID-109.png,COVID
COVID-436.png,COVID
Normal-1237.png,Normal
COVID-456.png,COVID
Viral Pneumonia-645.png,Viral Pneumonia
Normal-4997.png,Normal
Normal-4219.png,Normal
Normal-6956.png,Normal
Normal-5999.png,Normal
COVID-3365.png,COVID
Normal-4933.png,Normal
Normal-7322.png,Normal
Viral Pneumonia-854.png,Viral Pneumonia
Normal-7420.png,Normal
COVID-2054.png,COVID
COVID-3217.png,COVID
Viral Pneumonia-641.png,Viral Pneumonia
COVID-2152.png,COVID
COVID-2506.png,COVID
Normal-2917.png,Normal
Normal-9252.png,Normal
Normal-1580.png,Normal
Normal-5477.png,Normal
Normal-4800.png,Normal
COVID-3288.png,COVID
Normal-7585.png,Normal
COVID-2520.png,COVID
Viral Pneumonia-490.png,Viral Pneumonia
Normal-5310.png,Normal
COVID-3317.png,COVID
Normal-7874.png,Normal
COVID-374.png,COVID
COVID-1273.png,COVID
Normal-5359.png,Normal
Normal-8054.png,Normal
Normal-5454.png,Normal
Normal-7747.png,Normal
Normal-9581.png,Normal
Normal-9400.png,Normal
Normal-7949.png,Normal
Normal-9361.png,Normal
Normal-9451.png,Normal
Normal-3581.png,Normal
Viral Pneumonia-1160.png,Viral Pneumonia
Normal-6091.png,Normal
Normal-5067.png,Normal
Normal-5850.png,Normal
Normal-6044.png,Normal
Normal-9386.png,Normal
Normal-2993.png,Normal
Normal-2737.png,Normal
COVID-2070.png,COVID
Viral Pneumonia-1.png,Viral Pneumonia
Normal-9952.png,Normal
Normal-7249.png,Normal
Normal-2562.png,Normal
Normal-9166.png,Normal
Normal-600.png,Normal
Normal-6109.png,Normal
Normal-1458.png,Normal
Normal-3985.png,Normal
Normal-8892.png,Normal
COVID-999.png,COVID
Normal-5307.png,Normal
Viral Pneumonia-1004.png,Viral Pneumonia
COVID-933.png,COVID
Normal-3135.png,Normal
Normal-7809.png,Normal
Normal-9615.png,Normal
Normal-6975.png,Normal
Normal-3544.png,Normal
Normal-8083.png,Normal
Normal-1523.png,Normal
Normal-6415.png,Normal
Viral Pneumonia-897.png,Viral Pneumonia
Normal-9584.png,Normal
Normal-1748.png,Normal
Normal-6867.png,Normal
Normal-2394.png,Normal
Normal-8740.png,Normal
Viral Pneumonia-681.png,Viral Pneumonia
COVID-546.png,COVID
Normal-3078.png,Normal
Normal-2774.png,Normal
COVID-1900.png,COVID
Viral Pneumonia-800.png,Viral Pneumonia
Normal-1867.png,Normal
Normal-3166.png,Normal
Normal-1718.png,Normal
COVID-2847.png,COVID
Normal-3953.png,Normal
COVID-1331.png,COVID
Normal-5219.png,Normal
Normal-7251.png,Normal
Normal-5043.png,Normal
Viral Pneumonia-712.png,Viral Pneumonia
Normal-9179.png,Normal
Normal-9781.png,Normal
Normal-1692.png,Normal
Normal-9828.png,Normal
Normal-7896.png,Normal
Viral Pneumonia-50.png,Viral Pneumonia
Viral Pneumonia-945.png,Viral Pneumonia
Normal-1383.png,Normal
Normal-4831.png,Normal
COVID-1635.png,COVID
COVID-886.png,COVID
Normal-7539.png,Normal
Normal-9716.png,Normal
Normal-4454.png,Normal
Normal-259.png,Normal
Normal-1882.png,Normal
Normal-9529.png,Normal
Normal-3889.png,Normal
Normal-7891.png,Normal
COVID-2478.png,COVID
Normal-2658.png,Normal
Normal-1766.png,Normal
Normal-9265.png,Normal
COVID-3339.png,COVID
Normal-9575.png,Normal
Normal-4978.png,Normal
Normal-5572.png,Normal
Normal-3041.png,Normal
Normal-5881.png,Normal
Normal-8086.png,Normal
COVID-1335.png,COVID
Normal-1802.png,Normal
Normal-1217.png,Normal
Normal-4768.png,Normal
Normal-3197.png,Normal
COVID-38.png,COVID
COVID-3473.png,COVID
Viral Pneumonia-387.png,Viral Pneumonia
Normal-4233.png,Normal
COVID-2290.png,COVID
Normal-7707.png,Normal
COVID-496.png,COVID
Normal-896.png,Normal
Normal-9413.png,Normal
Normal-8540.png,Normal
Normal-6381.png,Normal
Normal-1363.png,Normal
Normal-3087.png,Normal
Normal-6216.png,Normal
Normal-3257.png,Normal
COVID-1370.png,COVID
Normal-4675.png,Normal
COVID-1953.png,COVID
Viral Pneumonia-674.png,Viral Pneumonia
Viral Pneumonia-108.png,Viral Pneumonia
COVID-521.png,COVID
COVID-982.png,COVID
COVID-1536.png,COVID
COVID-460.png,COVID
Normal-4167.png,Normal
COVID-2943.png,COVID
Normal-6801.png,Normal
Normal-9995.png,Normal
Normal-1259.png,Normal
Viral Pneumonia-262.png,Viral Pneumonia
COVID-3018.png,COVID
Normal-978.png,Normal
Normal-7452.png,Normal
Viral Pneumonia-932.png,Viral Pneumonia
Normal-1485.png,Normal
Normal-5949.png,Normal
COVID-2075.png,COVID
Normal-2475.png,Normal
Normal-5667.png,Normal
COVID-353.png,COVID
Normal-3911.png,Normal
Normal-5138.png,Normal
Normal-302.png,Normal
COVID-1721.png,COVID
COVID-168.png,COVID
Normal-3158.png,Normal
COVID-976.png,COVID
Normal-9139.png,Normal
COVID-660.png,COVID
Normal-6723.png,Normal
Normal-9271.png,Normal
COVID-2102.png,COVID
COVID-843.png,COVID
Normal-5554.png,Normal
Normal-659.png,Normal
COVID-783.png,COVID
Viral Pneumonia-1200.png,Viral Pneumonia
Normal-2186.png,Normal
Normal-3895.png,Normal
Viral Pneumonia-1063.png,Viral Pneumonia
Viral Pneumonia-748.png,Viral Pneumonia
Normal-7349.png,Normal
COVID-3583.png,COVID
Normal-6404.png,Normal
COVID-3283.png,COVID
Normal-6724.png,Normal
Normal-7219.png,Normal
Viral Pneumonia-491.png,Viral Pneumonia
Normal-3575.png,Normal
COVID-2450.png,COVID
Normal-3590.png,Normal
Normal-182.png,Normal
Normal-5196.png,Normal
Normal-7706.png,Normal
COVID-470.png,COVID
Normal-168.png,Normal
Normal-5081.png,Normal
COVID-1773.png,COVID
Viral Pneumonia-222.png,Viral Pneumonia
Normal-1142.png,Normal
Normal-620.png,Normal
COVID-255.png,COVID
Normal-3791.png,Normal
Normal-6595.png,Normal
Normal-10024.png,Normal
COVID-1312.png,COVID
COVID-2279.png,COVID
Normal-807.png,Normal
Normal-982.png,Normal
COVID-428.png,COVID
Normal-8194.png,Normal
Normal-728.png,Normal
Normal-6179.png,Normal
Normal-5928.png,Normal
Normal-4996.png,Normal
COVID-1112.png,COVID
Normal-3040.png,Normal
Viral Pneumonia-18.png,Viral Pneumonia
Normal-5994.png,Normal
Normal-3140.png,Normal
Normal-1082.png,Normal
Normal-2772.png,Normal
Normal-9360.png,Normal
COVID-2755.png,COVID
Normal-7105.png,Normal
Normal-3623.png,Normal
COVID-1824.png,COVID
Normal-8468.png,Normal
COVID-1188.png,COVID
Normal-429.png,Normal
Normal-3553.png,Normal
COVID-3322.png,COVID
COVID-1073.png,COVID
Normal-5264.png,Normal
Normal-202.png,Normal
Normal-1723.png,Normal
COVID-1038.png,COVID
Normal-6256.png,Normal
Normal-582.png,Normal
Normal-7541.png,Normal
COVID-1028.png,COVID
COVID-850.png,COVID
Normal-4090.png,Normal
COVID-3428.png,COVID
COVID-828.png,COVID
Normal-407.png,Normal
Normal-1744.png,Normal
Normal-2771.png,Normal
Normal-5199.png,Normal
Normal-3606.png,Normal
COVID-871.png,COVID
Normal-921.png,Normal
Viral Pneumonia-398.png,Viral Pneumonia
Normal-7554.png,Normal
Normal-2996.png,Normal
Normal-916.png,Normal
Normal-9478.png,Normal
Normal-6433.png,Normal
Viral Pneumonia-1055.png,Viral Pneumonia
Normal-2308.png,Normal
Normal-6894.png,Normal
Normal-1778.png,Normal
Normal-617.png,Normal
Normal-3034.png,Normal
Viral Pneumonia-837.png,Viral Pneumonia
Normal-7939.png,Normal
Normal-8934.png,Normal
Normal-7425.png,Normal
Normal-1733.png,Normal
Viral Pneumonia-370.png,Viral Pneumonia
Viral Pneumonia-446.png,Viral Pneumonia
Normal-9238.png,Normal
Normal-5985.png,Normal
Normal-6967.png,Normal
COVID-3575.png,COVID
Normal-9968.png,Normal
Normal-9539.png,Normal
Normal-9959.png,Normal
COVID-1339.png,COVID
Normal-4008.png,Normal
Normal-4390.png,Normal
Viral Pneumonia-1304.png,Viral Pneumonia
Normal-2115.png,Normal
Normal-5255.png,Normal
Normal-942.png,Normal
Normal-6492.png,Normal
Normal-6110.png,Normal
Normal-5305.png,Normal
Normal-5618.png,Normal
COVID-2006.png,COVID
Viral Pneumonia-682.png,Viral Pneumonia
Viral Pneumonia-894.png,Viral Pneumonia
COVID-1060.png,COVID
Normal-10143.png,Normal
Normal-44.png,Normal
Normal-2072.png,Normal
Normal-1296.png,Normal
Normal-8199.png,Normal
COVID-3112.png,COVID
Normal-5773.png,Normal
Normal-5066.png,Normal
Normal-1119.png,Normal
Normal-6035.png,Normal
Normal-8613.png,Normal
Normal-5192.png,Normal
Normal-1040.png,Normal
Normal-8762.png,Normal
Normal-2082.png,Normal
Normal-9287.png,Normal
Normal-2215.png,Normal
Normal-3.png,Normal
Normal-6719.png,Normal
Normal-928.png,Normal
Normal-585.png,Normal
Normal-10100.png,Normal
COVID-2452.png,COVID
Normal-1738.png,Normal
Normal-8150.png,Normal
Normal-912.png,Normal
COVID-1943.png,COVID
COVID-2364.png,COVID
Viral Pneumonia-1299.png,Viral Pneumonia
Normal-256.png,Normal
Viral Pneumonia-254.png,Viral Pneumonia
Normal-9815.png,Normal
Normal-675.png,Normal
COVID-3501.png,COVID
Normal-9127.png,Normal
COVID-609.png,COVID
COVID-3194.png,COVID
Normal-505.png,Normal
Normal-3750.png,Normal
Normal-7530.png,Normal
Normal-7459.png,Normal
Normal-689.png,Normal
Normal-3948.png,Normal
Normal-1250.png,Normal
Normal-7353.png,Normal
Normal-4534.png,Normal
Normal-1081.png,Normal
Normal-8216.png,Normal
Normal-4734.png,Normal
COVID-2677.png,COVID
Normal-6567.png,Normal
COVID-2560.png,COVID
Normal-2162.png,Normal
Normal-2786.png,Normal
COVID-1563.png,COVID
Normal-4698.png,Normal
Normal-6542.png,Normal
Viral Pneumonia-463.png,Viral Pneumonia
Viral Pneumonia-650.png,Viral Pneumonia
Normal-65.png,Normal
COVID-2065.png,COVID
Normal-4273.png,Normal
Viral Pneumonia-1116.png,Viral Pneumonia
Normal-207.png,Normal
COVID-2216.png,COVID
Viral Pneumonia-223.png,Viral Pneumonia
Viral Pneumonia-402.png,Viral Pneumonia
Normal-8572.png,Normal
Normal-31.png,Normal
Normal-5593.png,Normal
Viral Pneumonia-188.png,Viral Pneumonia
Viral Pneumonia-597.png,Viral Pneumonia
Normal-2671.png,Normal
Normal-9021.png,Normal
Normal-2628.png,Normal
COVID-23.png,COVID
Normal-8505.png,Normal
COVID-938.png,COVID
Normal-5951.png,Normal
Normal-9741.png,Normal
Normal-8627.png,Normal
Normal-7254.png,Normal
Normal-8718.png,Normal
Normal-2580.png,Normal
Normal-2574.png,Normal
COVID-3309.png,COVID
COVID-1734.png,COVID
Normal-2176.png,Normal
Normal-1927.png,Normal
COVID-3457.png,COVID
Normal-2316.png,Normal
Normal-9921.png,Normal
Normal-8680.png,Normal
Normal-4357.png,Normal
COVID-1548.png,COVID
Normal-8537.png,Normal
Normal-4227.png,Normal
Normal-2843.png,Normal
COVID-1954.png,COVID
Viral Pneumonia-831.png,Viral Pneumonia
Normal-9368.png,Normal
Normal-5527.png,Normal
Normal-6957.png,Normal
Normal-5220.png,Normal
Viral Pneumonia-1064.png,Viral Pneumonia
Viral Pneumonia-952.png,Viral Pneumonia
Normal-9792.png,Normal
Normal-701.png,Normal
COVID-2903.png,COVID
Normal-8345.png,Normal
Normal-9530.png,Normal
Normal-221.png,Normal
Normal-304.png,Normal
Normal-6943.png,Normal
Viral Pneumonia-618.png,Viral Pneumonia
COVID-866.png,COVID
Normal-191.png,Normal
Normal-8056.png,Normal
Normal-8460.png,Normal
Viral Pneumonia-963.png,Viral Pneumonia
Normal-8188.png,Normal
Viral Pneumonia-562.png,Viral Pneumonia
Normal-9486.png,Normal
Viral Pneumonia-660.png,Viral Pneumonia
Normal-2282.png,Normal
Normal-4115.png,Normal
Normal-5544.png,Normal
Normal-1706.png,Normal
Normal-6570.png,Normal
Normal-5427.png,Normal
Normal-9332.png,Normal
Normal-9901.png,Normal
Normal-2723.png,Normal
Normal-9254.png,Normal
Normal-2948.png,Normal
Normal-2066.png,Normal
Normal-3825.png,Normal
COVID-2617.png,COVID
Normal-1022.png,Normal
Normal-4455.png,Normal
COVID-796.png,COVID
Normal-929.png,Normal
Viral Pneumonia-1000.png,Viral Pneumonia
Normal-1507.png,Normal
COVID-1418.png,COVID
Normal-9202.png,Normal
Normal-8861.png,Normal
Normal-4625.png,Normal
Normal-7591.png,Normal
Viral Pneumonia-250.png,Viral Pneumonia
Normal-5105.png,Normal
Normal-1049.png,Normal
Normal-1120.png,Normal
COVID-1930.png,COVID
Normal-9863.png,Normal
Normal-2463.png,Normal
Normal-2936.png,Normal
Normal-8561.png,Normal
Normal-8074.png,Normal
Normal-6568.png,Normal
Normal-1024.png,Normal
Normal-8141.png,Normal
Normal-102.png,Normal
Normal-5924.png,Normal
Normal-10114.png,Normal
Normal-8436.png,Normal
Normal-550.png,Normal
Normal-987.png,Normal
Normal-4194.png,Normal
Normal-2143.png,Normal
Normal-1213.png,Normal
COVID-1116.png,COVID
Normal-1290.png,Normal
COVID-1437.png,COVID
Normal-5319.png,Normal
COVID-2188.png,COVID
Normal-5707.png,Normal
COVID-763.png,COVID
Normal-7753.png,Normal
COVID-407.png,COVID
Normal-333.png,Normal
COVID-2417.png,COVID
COVID-2670.png,COVID
Normal-6126.png,Normal
COVID-3375.png,COVID
Viral Pneumonia-1034.png,Viral Pneumonia
Normal-4741.png,Normal
Normal-9832.png,Normal
Normal-7188.png,Normal
Normal-10134.png,Normal
Normal-5695.png,Normal
COVID-2119.png,COVID
Normal-1182.png,Normal
COVID-1316.png,COVID
Normal-6413.png,Normal
Normal-1623.png,Normal
COVID-286.png,COVID
Normal-6227.png,Normal
COVID-1841.png,COVID
COVID-3586.png,COVID
Normal-3540.png,Normal
Normal-5139.png,Normal
Viral Pneumonia-576.png,Viral Pneumonia
Normal-365.png,Normal
COVID-2416.png,COVID
Normal-3647.png,Normal
Normal-7923.png,Normal
Viral Pneumonia-658.png,Viral Pneumonia
Normal-2727.png,Normal
Normal-498.png,Normal
COVID-2752.png,COVID
Normal-4151.png,Normal
Normal-379.png,Normal
Normal-157.png,Normal
COVID-2248.png,COVID
Normal-2857.png,Normal
Normal-1591.png,Normal
Viral Pneumonia-1186.png,Viral Pneumonia
Normal-962.png,Normal
Normal-9432.png,Normal
Viral Pneumonia-240.png,Viral Pneumonia
Normal-76.png,Normal
Normal-88.png,Normal
Normal-8470.png,Normal
Normal-7886.png,Normal
Normal-5498.png,Normal
Normal-2234.png,Normal
Normal-6753.png,Normal
Viral Pneumonia-412.png,Viral Pneumonia
Normal-9302.png,Normal
COVID-1745.png,COVID
COVID-2037.png,COVID
Normal-6316.png,Normal
Normal-9236.png,Normal
COVID-2274.png,COVID
COVID-3102.png,COVID
Viral Pneumonia-360.png,Viral Pneumonia
Normal-8155.png,Normal
Normal-2051.png,Normal
COVID-2220.png,COVID
Normal-8598.png,Normal
Normal-8970.png,Normal
Normal-3102.png,Normal
Normal-3038.png,Normal
Normal-3961.png,Normal
Normal-558.png,Normal
Normal-7351.png,Normal
COVID-1531.png,COVID
Normal-3339.png,Normal
Normal-1482.png,Normal
Normal-3734.png,Normal
Viral Pneumonia-409.png,Viral Pneumonia
COVID-1268.png,COVID
Normal-9543.png,Normal
COVID-294.png,COVID
Normal-9242.png,Normal
Normal-8752.png,Normal
Normal-2480.png,Normal
Normal-7906.png,Normal
Normal-7834.png,Normal
Normal-325.png,Normal
COVID-3538.png,COVID
Viral Pneumonia-190.png,Viral Pneumonia
Normal-3627.png,Normal
COVID-2140.png,COVID
Normal-1787.png,Normal
Normal-2365.png,Normal
Normal-2804.png,Normal
Normal-10121.png,Normal
Normal-1804.png,Normal
COVID-3510.png,COVID
Normal-5642.png,Normal
Normal-666.png,Normal
Normal-1597.png,Normal
Normal-4207.png,Normal
Normal-9042.png,Normal
Normal-4507.png,Normal
Normal-7073.png,Normal
Normal-8972.png,Normal
Normal-997.png,Normal
Normal-6573.png,Normal
COVID-2329.png,COVID
COVID-1247.png,COVID
Normal-922.png,Normal
Normal-1320.png,Normal
Normal-1309.png,Normal
Normal-7208.png,Normal
Normal-5838.png,Normal
Normal-1373.png,Normal
COVID-1194.png,COVID
COVID-1376.png,COVID
COVID-1315.png,COVID
Normal-6218.png,Normal
Normal-3015.png,Normal
COVID-2894.png,COVID
Normal-1707.png,Normal
Normal-8559.png,Normal
Normal-1895.png,Normal
COVID-2470.png,COVID
COVID-1296.png,COVID
Normal-7947.png,Normal
Normal-1008.png,Normal
Normal-8171.png,Normal
COVID-2011.png,COVID
Normal-499.png,Normal
Normal-2077.png,Normal
Normal-4787.png,Normal
Normal-1880.png,Normal
COVID-1459.png,COVID
Normal-5726.png,Normal
Normal-349.png,Normal
COVID-1847.png,COVID
Viral Pneumonia-1246.png,Viral Pneumonia
Normal-8822.png,Normal
COVID-3604.png,COVID
COVID-1560.png,COVID
Normal-8583.png,Normal
Normal-9517.png,Normal
COVID-2180.png,COVID
Viral Pneumonia-1099.png,Viral Pneumonia
Normal-4458.png,Normal
Normal-6603.png,Normal
Normal-9416.png,Normal
COVID-72.png,COVID
Normal-7255.png,Normal
COVID-265.png,COVID
Viral Pneumonia-982.png,Viral Pneumonia
Normal-4437.png,Normal
Normal-8820.png,Normal
Normal-5179.png,Normal
Normal-7728.png,Normal
Normal-6138.png,Normal
COVID-1919.png,COVID
Viral Pneumonia-802.png,Viral Pneumonia
Normal-6003.png,Normal
Normal-1845.png,Normal
Normal-6669.png,Normal
Normal-4376.png,Normal
Viral Pneumonia-771.png,Viral Pneumonia
Normal-6033.png,Normal
Normal-187.png,Normal
COVID-17.png,COVID
COVID-2448.png,COVID
COVID-876.png,COVID
COVID-213.png,COVID
Normal-3749.png,Normal
Normal-8757.png,Normal
Viral Pneumonia-868.png,Viral Pneumonia
Normal-10188.png,Normal
COVID-3354.png,COVID
Normal-9715.png,Normal
Normal-9062.png,Normal
COVID-2087.png,COVID
Normal-8707.png,Normal
Viral Pneumonia-238.png,Viral Pneumonia
Normal-6987.png,Normal
Normal-2201.png,Normal
COVID-230.png,COVID
Normal-7013.png,Normal
Normal-6498.png,Normal
Normal-216.png,Normal
Normal-170.png,Normal
COVID-2237.png,COVID
Normal-5513.png,Normal
Normal-7153.png,Normal
Viral Pneumonia-743.png,Viral Pneumonia
Normal-9918.png,Normal
Normal-8208.png,Normal
Normal-7538.png,Normal
COVID-544.png,COVID
Normal-7345.png,Normal
Normal-5649.png,Normal
Normal-7377.png,Normal
Normal-1148.png,Normal
COVID-1184.png,COVID
COVID-1532.png,COVID
COVID-2932.png,COVID
Normal-9765.png,Normal
Normal-7303.png,Normal
Viral Pneumonia-764.png,Viral Pneumonia
Normal-5296.png,Normal
Normal-10087.png,Normal
COVID-2919.png,COVID
Normal-5601.png,Normal
COVID-264.png,COVID
Normal-9790.png,Normal
Normal-10092.png,Normal
Normal-3283.png,Normal
Normal-6026.png,Normal
Viral Pneumonia-855.png,Viral Pneumonia
Normal-7852.png,Normal
Normal-6733.png,Normal
Normal-6738.png,Normal
Normal-1291.png,Normal
COVID-2713.png,COVID
COVID-3327.png,COVID
Normal-8781.png,Normal
Normal-8958.png,Normal
COVID-2445.png,COVID
Normal-4451.png,Normal
COVID-337.png,COVID
Normal-5349.png,Normal
Normal-8816.png,Normal
Normal-3591.png,Normal
Normal-3242.png,Normal
Normal-837.png,Normal
COVID-2490.png,COVID
Normal-3152.png,Normal
Normal-8494.png,Normal
Normal-4348.png,Normal
COVID-418.png,COVID
Viral Pneumonia-431.png,Viral Pneumonia
Normal-5399.png,Normal
Normal-8942.png,Normal
Normal-3578.png,Normal
Normal-8850.png,Normal
Normal-9537.png,Normal
Normal-5596.png,Normal
Viral Pneumonia-1150.png,Viral Pneumonia
Normal-1884.png,Normal
COVID-3262.png,COVID
Normal-8032.png,Normal
Normal-9203.png,Normal
Normal-8131.png,Normal
Normal-7671.png,Normal
Normal-4767.png,Normal
Normal-2343.png,Normal
Viral Pneumonia-1088.png,Viral Pneumonia
Normal-9910.png,Normal
Normal-2228.png,Normal
Normal-5848.png,Normal
COVID-1072.png,COVID
Viral Pneumonia-377.png,Viral Pneumonia
Normal-7449.png,Normal
Normal-952.png,Normal
Normal-3797.png,Normal
Normal-9462.png,Normal
Normal-82.png,Normal
COVID-1658.png,COVID
Normal-2496.png,Normal
COVID-2271.png,COVID
Normal-1639.png,Normal
Normal-6829.png,Normal
Normal-118.png,Normal
Normal-6167.png,Normal
COVID-166.png,COVID
Normal-7754.png,Normal
Normal-8568.png,Normal
Normal-656.png,Normal
Normal-2303.png,Normal
Normal-3698.png,Normal
Normal-2963.png,Normal
COVID-2940.png,COVID
Normal-1089.png,Normal
Viral Pneumonia-567.png,Viral Pneumonia
Normal-2483.png,Normal
Normal-2359.png,Normal
Normal-6725.png,Normal
Normal-8785.png,Normal
Normal-9635.png,Normal
Normal-9525.png,Normal
Normal-7375.png,Normal
Normal-8190.png,Normal
Normal-9834.png,Normal
Normal-3008.png,Normal
Normal-4518.png,Normal
COVID-2715.png,COVID
Normal-7955.png,Normal
Normal-8211.png,Normal
Normal-7965.png,Normal
Normal-1431.png,Normal
Normal-4025.png,Normal
Normal-3893.png,Normal
COVID-819.png,COVID
Normal-2883.png,Normal
Normal-7667.png,Normal
Normal-9559.png,Normal
Normal-7960.png,Normal
COVID-2281.png,COVID
Viral Pneumonia-774.png,Viral Pneumonia
Normal-4250.png,Normal
Normal-1736.png,Normal
Normal-339.png,Normal
COVID-1933.png,COVID
Normal-8433.png,Normal
Normal-330.png,Normal
COVID-884.png,COVID
Normal-4727.png,Normal
Normal-1901.png,Normal
COVID-3032.png,COVID
COVID-2791.png,COVID
Normal-2900.png,Normal
COVID-1528.png,COVID
Normal-4076.png,Normal
COVID-2643.png,COVID
Normal-4464.png,Normal
Normal-9859.png,Normal
Normal-406.png,Normal
COVID-3587.png,COVID
Normal-2337.png,Normal
Normal-2202.png,Normal
Viral Pneumonia-1336.png,Viral Pneumonia
Normal-5839.png,Normal
COVID-1149.png,COVID
Viral Pneumonia-328.png,Viral Pneumonia
COVID-1938.png,COVID
Normal-63.png,Normal
Normal-2486.png,Normal
Normal-503.png,Normal
Normal-8034.png,Normal
COVID-1438.png,COVID
COVID-2855.png,COVID
Normal-5672.png,Normal
COVID-2574.png,COVID
Normal-7749.png,Normal
Normal-2821.png,Normal
COVID-1746.png,COVID
Viral Pneumonia-1108.png,Viral Pneumonia
Normal-1703.png,Normal
Normal-4300.png,Normal
Normal-1499.png,Normal
Normal-1551.png,Normal
Normal-9578.png,Normal
Normal-5540.png,Normal
Normal-3913.png,Normal
Normal-8982.png,Normal
Normal-6710.png,Normal
Normal-2502.png,Normal
Normal-4732.png,Normal
COVID-1685.png,COVID
Normal-4276.png,Normal
Normal-7314.png,Normal
Normal-9142.png,Normal
COVID-146.png,COVID
COVID-990.png,COVID
COVID-1765.png,COVID
Normal-4832.png,Normal
Normal-8050.png,Normal
Normal-1202.png,Normal
COVID-1987.png,COVID
Normal-5856.png,Normal
Normal-8502.png,Normal
Normal-5131.png,Normal
COVID-1522.png,COVID
COVID-1147.png,COVID
Normal-8772.png,Normal
Normal-1251.png,Normal
Normal-8974.png,Normal
Normal-2233.png,Normal
COVID-1170.png,COVID
Normal-6847.png,Normal
Normal-4078.png,Normal
Normal-1859.png,Normal
Normal-8530.png,Normal
Normal-1016.png,Normal
Normal-8962.png,Normal
COVID-3204.png,COVID
COVID-3289.png,COVID
COVID-1777.png,COVID
Normal-2271.png,Normal
COVID-1761.png,COVID
COVID-2137.png,COVID
Viral Pneumonia-533.png,Viral Pneumonia
Normal-8711.png,Normal
Normal-8259.png,Normal
Normal-8103.png,Normal
COVID-370.png,COVID
Normal-8268.png,Normal
Viral Pneumonia-903.png,Viral Pneumonia
Normal-9069.png,Normal
Viral Pneumonia-583.png,Viral Pneumonia
Normal-6152.png,Normal
Normal-4404.png,Normal
Normal-1243.png,Normal
Normal-5379.png,Normal
Normal-6870.png,Normal
COVID-2897.png,COVID
Normal-7129.png,Normal
Normal-4849.png,Normal
Normal-3667.png,Normal
Normal-7562.png,Normal
Normal-2906.png,Normal
COVID-962.png,COVID
Normal-7989.png,Normal
COVID-3610.png,COVID
COVID-3560.png,COVID
Normal-9326.png,Normal
Normal-3187.png,Normal
Normal-9059.png,Normal
Normal-416.png,Normal
Normal-6140.png,Normal
Normal-405.png,Normal
COVID-1568.png,COVID
Normal-2.png,Normal
Normal-8880.png,Normal
Viral Pneumonia-167.png,Viral Pneumonia
Normal-1806.png,Normal
Normal-6472.png,Normal
COVID-3052.png,COVID
COVID-1495.png,COVID
Normal-3608.png,Normal
Viral Pneumonia-1135.png,Viral Pneumonia
Normal-5180.png,Normal
Viral Pneumonia-1089.png,Viral Pneumonia
Normal-4487.png,Normal
Normal-3189.png,Normal
COVID-770.png,COVID
Normal-7669.png,Normal
Normal-10013.png,Normal
Viral Pneumonia-38.png,Viral Pneumonia
Normal-414.png,Normal
Normal-5087.png,Normal
Normal-7397.png,Normal
COVID-1911.png,COVID
COVID-2457.png,COVID
Normal-3556.png,Normal
Normal-6834.png,Normal
Normal-25.png,Normal
Normal-5989.png,Normal
COVID-2345.png,COVID
COVID-924.png,COVID
Normal-3573.png,Normal
Normal-125.png,Normal
Viral Pneumonia-16.png,Viral Pneumonia
COVID-3589.png,COVID
COVID-926.png,COVID
Normal-9016.png,Normal
Normal-1782.png,Normal
Normal-368.png,Normal
Viral Pneumonia-94.png,Viral Pneumonia
Normal-6224.png,Normal
Normal-3525.png,Normal
Viral Pneumonia-900.png,Viral Pneumonia
Viral Pneumonia-539.png,Viral Pneumonia
COVID-35.png,COVID
Normal-5891.png,Normal
COVID-1121.png,COVID
Normal-6622.png,Normal
Normal-4648.png,Normal
Normal-3609.png,Normal
Normal-7557.png,Normal
Normal-8053.png,Normal
COVID-2319.png,COVID
Normal-3832.png,Normal
Normal-5010.png,Normal
COVID-2410.png,COVID
COVID-3599.png,COVID
COVID-3221.png,COVID
COVID-257.png,COVID
COVID-3187.png,COVID
COVID-761.png,COVID
Normal-8169.png,Normal
Normal-8057.png,Normal
COVID-728.png,COVID
COVID-2800.png,COVID
Normal-2104.png,Normal
COVID-1300.png,COVID
Normal-1997.png,Normal
Normal-2923.png,Normal
Normal-8720.png,Normal
COVID-3371.png,COVID
Normal-8260.png,Normal
Normal-6448.png,Normal
Normal-2938.png,Normal
Viral Pneumonia-1196.png,Viral Pneumonia
Normal-3569.png,Normal
COVID-3299.png,COVID
Normal-7411.png,Normal
COVID-2466.png,COVID
Normal-4529.png,Normal
Normal-5293.png,Normal
Viral Pneumonia-208.png,Viral Pneumonia
Normal-8096.png,Normal
Normal-109.png,Normal
COVID-3173.png,COVID
Normal-6854.png,Normal
COVID-2477.png,COVID
Normal-2578.png,Normal
Normal-2669.png,Normal
Normal-1277.png,Normal
Normal-5241.png,Normal
Normal-7282.png,Normal
Normal-7609.png,Normal
Normal-1440.png,Normal
Normal-1691.png,Normal
COVID-2712.png,COVID
Normal-9966.png,Normal
COVID-2972.png,COVID
Normal-3683.png,Normal
Viral Pneumonia-1233.png,Viral Pneumonia
COVID-964.png,COVID
COVID-702.png,COVID
Normal-5207.png,Normal
Normal-818.png,Normal
Normal-2798.png,Normal
Normal-3941.png,Normal
Normal-6533.png,Normal
Normal-200.png,Normal
Normal-4183.png,Normal
COVID-598.png,COVID
Normal-1940.png,Normal
Normal-4775.png,Normal
Normal-6990.png,Normal
COVID-1732.png,COVID
COVID-1134.png,COVID
COVID-941.png,COVID
Normal-2251.png,Normal
COVID-751.png,COVID
Normal-1790.png,Normal
Normal-6940.png,Normal
Normal-4048.png,Normal
Normal-9037.png,Normal
Normal-1561.png,Normal
Normal-2879.png,Normal
Normal-4284.png,Normal
Normal-7691.png,Normal
COVID-3145.png,COVID
Normal-6529.png,Normal
Normal-7101.png,Normal
Normal-9974.png,Normal
Normal-9389.png,Normal
Normal-6639.png,Normal
Normal-9809.png,Normal
COVID-1921.png,COVID
COVID-74.png,COVID
Normal-7594.png,Normal
Normal-800.png,Normal
Normal-6043.png,Normal
COVID-1800.png,COVID
Viral Pneumonia-524.png,Viral Pneumonia
Normal-6978.png,Normal
Normal-8858.png,Normal
Normal-8294.png,Normal
Normal-2731.png,Normal
Normal-10190.png,Normal
Normal-3352.png,Normal
Normal-1953.png,Normal
COVID-1261.png,COVID
Normal-4710.png,Normal
Normal-4453.png,Normal
Normal-2726.png,Normal
COVID-498.png,COVID
Normal-803.png,Normal
Viral Pneumonia-1177.png,Viral Pneumonia
Normal-4381.png,Normal
Normal-9985.png,Normal
Normal-4067.png,Normal
Normal-1711.png,Normal
Normal-9804.png,Normal
Normal-9382.png,Normal
Normal-2119.png,Normal
COVID-1555.png,COVID
Normal-9228.png,Normal
Normal-291.png,Normal
Normal-3673.png,Normal
Normal-7280.png,Normal
Normal-2708.png,Normal
COVID-1099.png,COVID
Normal-4906.png,Normal
Normal-3481.png,Normal
Normal-3051.png,Normal
Normal-9979.png,Normal
Viral Pneumonia-388.png,Viral Pneumonia
Normal-19.png,Normal
Viral Pneumonia-233.png,Viral Pneumonia
Normal-9210.png,Normal
Normal-6494.png,Normal
COVID-2990.png,COVID
COVID-3091.png,COVID
Normal-5308.png,Normal
Viral Pneumonia-1033.png,Viral Pneumonia
Normal-1023.png,Normal
Normal-4731.png,Normal
Normal-9560.png,Normal
Normal-8166.png,Normal
COVID-2320.png,COVID
COVID-1552.png,COVID
Normal-1346.png,Normal
Normal-6792.png,Normal
Normal-455.png,Normal
Normal-2729.png,Normal
Normal-4295.png,Normal
Normal-7335.png,Normal
Normal-7574.png,Normal
Normal-2027.png,Normal
Normal-6509.png,Normal
COVID-2898.png,COVID
Normal-2430.png,Normal
COVID-463.png,COVID
Normal-7096.png,Normal
Normal-3792.png,Normal
Normal-4202.png,Normal
Normal-1187.png,Normal
Normal-7237.png,Normal
Normal-9234.png,Normal
Normal-9838.png,Normal
Viral Pneumonia-581.png,Viral Pneumonia
COVID-764.png,COVID
Normal-2532.png,Normal
Normal-7564.png,Normal
COVID-379.png,COVID
COVID-115.png,COVID
Normal-5014.png,Normal
COVID-334.png,COVID
Normal-4602.png,Normal
Normal-1075.png,Normal
Normal-6826.png,Normal
Normal-3006.png,Normal
COVID-1666.png,COVID
Normal-8944.png,Normal
Normal-10096.png,Normal
Normal-9619.png,Normal
Normal-5514.png,Normal
Normal-8556.png,Normal
Normal-8657.png,Normal
Normal-9571.png,Normal
Normal-8229.png,Normal
Normal-6715.png,Normal
Viral Pneumonia-1136.png,Viral Pneumonia
COVID-1416.png,COVID
Viral Pneumonia-272.png,Viral Pneumonia
Normal-6157.png,Normal
Normal-6839.png,Normal
COVID-1224.png,COVID
COVID-2482.png,COVID
Normal-1737.png,Normal
Normal-6809.png,Normal
Normal-9107.png,Normal
COVID-1648.png,COVID
Normal-8543.png,Normal
Viral Pneumonia-869.png,Viral Pneumonia
COVID-2350.png,COVID
COVID-3249.png,COVID
Normal-7903.png,Normal
COVID-2316.png,COVID
Normal-218.png,Normal
COVID-1002.png,COVID
COVID-324.png,COVID
Normal-6576.png,Normal
Normal-3388.png,Normal
Normal-8232.png,Normal
Normal-6912.png,Normal
COVID-314.png,COVID
COVID-3522.png,COVID
Normal-769.png,Normal
Normal-9922.png,Normal
Normal-820.png,Normal
Viral Pneumonia-520.png,Viral Pneumonia
Normal-9299.png,Normal
Normal-8631.png,Normal
Normal-9150.png,Normal
COVID-1345.png,COVID
Normal-2102.png,Normal
Normal-3455.png,Normal
COVID-1626.png,COVID
Normal-2369.png,Normal
COVID-3070.png,COVID
Normal-2911.png,Normal
COVID-2383.png,COVID
Normal-6549.png,Normal
Viral Pneumonia-767.png,Viral Pneumonia
Normal-4148.png,Normal
Normal-7790.png,Normal
Normal-1465.png,Normal
Normal-2926.png,Normal
Normal-5182.png,Normal
Normal-2117.png,Normal
Normal-1781.png,Normal
Normal-336.png,Normal
Normal-8517.png,Normal
COVID-2590.png,COVID
Normal-8173.png,Normal
Normal-7389.png,Normal
COVID-2427.png,COVID
COVID-3486.png,COVID
Normal-3289.png,Normal
COVID-1012.png,COVID
COVID-1386.png,COVID
Normal-8865.png,Normal
Normal-3317.png,Normal
Normal-7276.png,Normal
Normal-3890.png,Normal
COVID-983.png,COVID
Normal-4133.png,Normal
Normal-172.png,Normal
Normal-6852.png,Normal
Normal-6321.png,Normal
Normal-3285.png,Normal
Normal-2309.png,Normal
Viral Pneumonia-381.png,Viral Pneumonia
Normal-4068.png,Normal
COVID-1269.png,COVID
Normal-8715.png,Normal
Normal-5752.png,Normal
Normal-4911.png,Normal
Normal-3094.png,Normal
COVID-177.png,COVID
Normal-7332.png,Normal
Normal-177.png,Normal
COVID-3212.png,COVID
Normal-547.png,Normal
COVID-2502.png,COVID
COVID-1092.png,COVID
Normal-8342.png,Normal
Normal-8996.png,Normal
COVID-1853.png,COVID
Normal-10168.png,Normal
Normal-2382.png,Normal
Normal-7334.png,Normal
Normal-1131.png,Normal
Normal-4984.png,Normal
Viral Pneumonia-1287.png,Viral Pneumonia
Normal-3262.png,Normal
Normal-4163.png,Normal
Normal-601.png,Normal
COVID-3576.png,COVID
Normal-9223.png,Normal
Normal-2111.png,Normal
Normal-1903.png,Normal
Viral Pneumonia-679.png,Viral Pneumonia
Normal-2522.png,Normal
Normal-7302.png,Normal
Normal-3997.png,Normal
Normal-9726.png,Normal
Normal-6873.png,Normal
COVID-2294.png,COVID
COVID-2130.png,COVID
Normal-1734.png,Normal
Viral Pneumonia-816.png,Viral Pneumonia
Normal-9334.png,Normal
Viral Pneumonia-181.png,Viral Pneumonia
Normal-9448.png,Normal
Normal-5794.png,Normal
Normal-6330.png,Normal
Normal-6477.png,Normal
Normal-943.png,Normal
Normal-10139.png,Normal
COVID-825.png,COVID
Normal-466.png,Normal
Normal-453.png,Normal
Normal-1490.png,Normal
COVID-3487.png,COVID
Normal-2968.png,Normal
Normal-1241.png,Normal
Normal-10149.png,Normal
COVID-1655.png,COVID
Normal-7004.png,Normal
Normal-8756.png,Normal
COVID-2500.png,COVID
Normal-1990.png,Normal
Normal-6082.png,Normal
Normal-6764.png,Normal
Viral Pneumonia-1278.png,Viral Pneumonia
COVID-3069.png,COVID
Normal-2092.png,Normal
Viral Pneumonia-558.png,Viral Pneumonia
Normal-1646.png,Normal
Normal-2458.png,Normal
Normal-10124.png,Normal
Normal-2601.png,Normal
Normal-3926.png,Normal
Normal-976.png,Normal
COVID-1714.png,COVID
Normal-5723.png,Normal
COVID-1154.png,COVID
Normal-1068.png,Normal
COVID-403.png,COVID
COVID-2174.png,COVID
Normal-3128.png,Normal
Normal-9186.png,Normal
Normal-9954.png,Normal
Normal-8466.png,Normal
Normal-8443.png,Normal
Normal-6437.png,Normal
Normal-4322.png,Normal
Normal-238.png,Normal
Normal-8744.png,Normal
Normal-653.png,Normal
COVID-1550.png,COVID
Viral Pneumonia-168.png,Viral Pneumonia
Normal-1874.png,Normal
COVID-1234.png,COVID
Normal-10119.png,Normal
Normal-5820.png,Normal
Normal-8966.png,Normal
COVID-634.png,COVID
Normal-8834.png,Normal
COVID-2814.png,COVID
Normal-7308.png,Normal
Normal-4596.png,Normal
COVID-3264.png,COVID
Normal-7770.png,Normal
COVID-2815.png,COVID
Normal-1295.png,Normal
COVID-2161.png,COVID
COVID-2341.png,COVID
Normal-6176.png,Normal
Normal-3151.png,Normal
Normal-7805.png,Normal
Normal-9343.png,Normal
Normal-3995.png,Normal
Normal-6988.png,Normal
Normal-9978.png,Normal
Normal-4257.png,Normal
Normal-4532.png,Normal
Normal-3648.png,Normal
COVID-2635.png,COVID
Normal-9897.png,Normal
Normal-5869.png,Normal
COVID-3588.png,COVID
Normal-7698.png,Normal
Viral Pneumonia-1006.png,Viral Pneumonia
COVID-1830.png,COVID
Normal-6246.png,Normal
Normal-6383.png,Normal
COVID-2658.png,COVID
COVID-1683.png,COVID
Normal-2237.png,Normal
Normal-3403.png,Normal
Normal-8837.png,Normal
Normal-1429.png,Normal
Normal-641.png,Normal
COVID-2741.png,COVID
Normal-2874.png,Normal
Normal-2596.png,Normal
Normal-4409.png,Normal
Normal-2618.png,Normal
Normal-9957.png,Normal
Normal-2612.png,Normal
Viral Pneumonia-870.png,Viral Pneumonia
Normal-5141.png,Normal
COVID-1873.png,COVID
Normal-8300.png,Normal
Normal-5165.png,Normal
Normal-3310.png,Normal
Normal-93.png,Normal
Normal-1128.png,Normal
Normal-7776.png,Normal
Normal-9008.png,Normal
Normal-6371.png,Normal
Normal-1435.png,Normal
COVID-3250.png,COVID
Normal-9496.png,Normal
Normal-9231.png,Normal
Normal-1761.png,Normal
COVID-217.png,COVID
COVID-2295.png,COVID
COVID-350.png,COVID
COVID-1602.png,COVID
Normal-6363.png,Normal
Normal-6014.png,Normal
COVID-2357.png,COVID
COVID-2127.png,COVID
Normal-1521.png,Normal
Normal-4511.png,Normal
Normal-7486.png,Normal
Normal-1177.png,Normal
Normal-673.png,Normal
Normal-4743.png,Normal
Normal-8495.png,Normal
Normal-5580.png,Normal
Normal-6359.png,Normal
Viral Pneumonia-1027.png,Viral Pneumonia
Normal-4766.png,Normal
COVID-3438.png,COVID
COVID-1703.png,COVID
Viral Pneumonia-828.png,Viral Pneumonia
Normal-5563.png,Normal
Viral Pneumonia-1009.png,Viral Pneumonia
Normal-2659.png,Normal
COVID-3493.png,COVID
COVID-1244.png,COVID
Normal-7324.png,Normal
Normal-9045.png,Normal
Normal-60.png,Normal
Normal-1608.png,Normal
Normal-2724.png,Normal
Normal-8490.png,Normal
Normal-10028.png,Normal
Normal-6471.png,Normal
Normal-6569.png,Normal
Viral Pneumonia-633.png,Viral Pneumonia
Normal-2363.png,Normal
Normal-6966.png,Normal
Normal-3030.png,Normal
COVID-340.png,COVID
COVID-3383.png,COVID
COVID-1601.png,COVID
Normal-2915.png,Normal
COVID-2123.png,COVID
Normal-9087.png,Normal
Normal-9873.png,Normal
Viral Pneumonia-417.png,Viral Pneumonia
Normal-567.png,Normal
Normal-8935.png,Normal
Normal-4354.png,Normal
Normal-6374.png,Normal
Normal-1701.png,Normal
Viral Pneumonia-290.png,Viral Pneumonia
Normal-4599.png,Normal
Normal-35.png,Normal
Normal-7069.png,Normal
Normal-5229.png,Normal
COVID-2575.png,COVID
Normal-5275.png,Normal
Normal-710.png,Normal
Viral Pneumonia-750.png,Viral Pneumonia
COVID-3056.png,COVID
Normal-6056.png,Normal
COVID-1198.png,COVID
Normal-6682.png,Normal
Normal-4882.png,Normal
Normal-781.png,Normal
Normal-7798.png,Normal
Normal-8088.png,Normal
Normal-2565.png,Normal
COVID-1207.png,COVID
COVID-1514.png,COVID
Normal-4660.png,Normal
Viral Pneumonia-753.png,Viral Pneumonia
Normal-436.png,Normal
Viral Pneumonia-803.png,Viral Pneumonia
COVID-2631.png,COVID
Normal-8052.png,Normal
COVID-2479.png,COVID
Normal-3517.png,Normal
COVID-2813.png,COVID
Normal-5396.png,Normal
Normal-9071.png,Normal
Normal-5883.png,Normal
Normal-1416.png,Normal
Normal-4633.png,Normal
COVID-868.png,COVID
Viral Pneumonia-376.png,Viral Pneumonia
COVID-2767.png,COVID
Viral Pneumonia-922.png,Viral Pneumonia
Normal-8699.png,Normal
COVID-1868.png,COVID
Normal-6102.png,Normal
Normal-5096.png,Normal
Normal-7927.png,Normal
Normal-1158.png,Normal
Normal-9673.png,Normal
COVID-1138.png,COVID
Normal-5969.png,Normal
Viral Pneumonia-304.png,Viral Pneumonia
Viral Pneumonia-1267.png,Viral Pneumonia
Viral Pneumonia-930.png,Viral Pneumonia
Normal-4434.png,Normal
Normal-5876.png,Normal
COVID-2373.png,COVID
Viral Pneumonia-635.png,Viral Pneumonia
Normal-7822.png,Normal
COVID-2283.png,COVID
Normal-717.png,Normal
Normal-8012.png,Normal
COVID-2531.png,COVID
Normal-8732.png,Normal
Normal-4221.png,Normal
COVID-561.png,COVID
COVID-1526.png,COVID
Normal-9488.png,Normal
Normal-5525.png,Normal
Normal-5445.png,Normal
Normal-1883.png,Normal
Normal-6010.png,Normal
COVID-3122.png,COVID
Normal-535.png,Normal
Normal-8275.png,Normal
COVID-1447.png,COVID
Normal-3360.png,Normal
Normal-7854.png,Normal
Viral Pneumonia-1214.png,Viral Pneumonia
Normal-7631.png,Normal
Normal-6888.png,Normal
Normal-7070.png,Normal
COVID-2309.png,COVID
Normal-158.png,Normal
Normal-1684.png,Normal
Normal-797.png,Normal
Normal-682.png,Normal
Normal-8812.png,Normal
Normal-5813.png,Normal
Normal-10007.png,Normal
COVID-3448.png,COVID
Normal-2666.png,Normal
COVID-2044.png,COVID
Normal-650.png,Normal
COVID-1284.png,COVID
Normal-1153.png,Normal
COVID-1175.png,COVID
Normal-6324.png,Normal
Normal-5559.png,Normal
COVID-2507.png,COVID
COVID-1831.png,COVID
Normal-8806.png,Normal
Normal-3279.png,Normal
Normal-2326.png,Normal
Normal-2344.png,Normal
Normal-3804.png,Normal
Normal-4483.png,Normal
COVID-816.png,COVID
Normal-3580.png,Normal
Viral Pneumonia-949.png,Viral Pneumonia
Viral Pneumonia-962.png,Viral Pneumonia
Normal-2790.png,Normal
Normal-15.png,Normal
COVID-1544.png,COVID
Normal-5833.png,Normal
COVID-2997.png,COVID
Normal-1219.png,Normal
COVID-1859.png,COVID
COVID-536.png,COVID
Viral Pneumonia-140.png,Viral Pneumonia
Normal-9572.png,Normal
Normal-4910.png,Normal
COVID-3251.png,COVID
COVID-1279.png,COVID
Normal-2651.png,Normal
COVID-2572.png,COVID
Viral Pneumonia-415.png,Viral Pneumonia
Normal-1137.png,Normal
Normal-7162.png,Normal
Normal-910.png,Normal
Normal-23.png,Normal
COVID-1451.png,COVID
Normal-988.png,Normal
COVID-189.png,COVID
Normal-8493.png,Normal
Normal-3808.png,Normal
Normal-1985.png,Normal
Normal-2539.png,Normal
Normal-9383.png,Normal
Normal-5057.png,Normal
Viral Pneumonia-452.png,Viral Pneumonia
Normal-4989.png,Normal
Normal-7819.png,Normal
COVID-3478.png,COVID
COVID-2107.png,COVID
Normal-387.png,Normal
Normal-991.png,Normal
Normal-1843.png,Normal
Normal-8567.png,Normal
Normal-9110.png,Normal
Normal-8024.png,Normal
Normal-5386.png,Normal
COVID-2853.png,COVID
Normal-5291.png,Normal
Normal-9662.png,Normal
Normal-4042.png,Normal
Normal-7140.png,Normal
Normal-2255.png,Normal
Normal-6703.png,Normal
Normal-5085.png,Normal
COVID-1303.png,COVID
Normal-3268.png,Normal
COVID-2458.png,COVID
Normal-5893.png,Normal
COVID-874.png,COVID
Viral Pneumonia-1199.png,Viral Pneumonia
COVID-1962.png,COVID
Normal-1924.png,Normal
Normal-1104.png,Normal
COVID-2555.png,COVID
Normal-1002.png,Normal
COVID-895.png,COVID
Viral Pneumonia-1184.png,Viral Pneumonia
Viral Pneumonia-662.png,Viral Pneumonia
Normal-9640.png,Normal
Normal-2672.png,Normal
Normal-533.png,Normal
Normal-1637.png,Normal
COVID-125.png,COVID
Normal-6963.png,Normal
Normal-9523.png,Normal
Normal-1195.png,Normal
Normal-2249.png,Normal
Normal-9438.png,Normal
COVID-1061.png,COVID
Normal-8289.png,Normal
Normal-1628.png,Normal
Viral Pneumonia-429.png,Viral Pneumonia
Normal-3202.png,Normal
Normal-3937.png,Normal
Normal-7342.png,Normal
Normal-4977.png,Normal
Normal-9841.png,Normal
Viral Pneumonia-1323.png,Viral Pneumonia
Normal-613.png,Normal
Normal-3277.png,Normal
Normal-7284.png,Normal
Viral Pneumonia-884.png,Viral Pneumonia
Viral Pneumonia-925.png,Viral Pneumonia
COVID-3000.png,COVID
Normal-4054.png,Normal
Normal-2269.png,Normal
COVID-84.png,COVID
Normal-1438.png,Normal
Normal-4617.png,Normal
Normal-8681.png,Normal
Normal-2416.png,Normal
Normal-7823.png,Normal
Normal-4974.png,Normal
Viral Pneumonia-1195.png,Viral Pneumonia
Normal-7327.png,Normal
Viral Pneumonia-924.png,Viral Pneumonia
Normal-3586.png,Normal
Normal-4350.png,Normal
Normal-2701.png,Normal
Normal-1669.png,Normal
Normal-8528.png,Normal
Normal-4702.png,Normal
Normal-2400.png,Normal
COVID-3048.png,COVID
Normal-7057.png,Normal
COVID-774.png,COVID
Normal-3111.png,Normal
Normal-5622.png,Normal
COVID-368.png,COVID
Viral Pneumonia-1223.png,Viral Pneumonia
Normal-2306.png,Normal
Normal-3572.png,Normal
COVID-3541.png,COVID
COVID-594.png,COVID
Viral Pneumonia-204.png,Viral Pneumonia
COVID-682.png,COVID
Normal-2455.png,Normal
Normal-4486.png,Normal
Normal-4929.png,Normal
COVID-2293.png,COVID
Normal-5916.png,Normal
Normal-1965.png,Normal
Normal-1466.png,Normal
COVID-689.png,COVID
Normal-8324.png,Normal
Normal-927.png,Normal
Normal-2748.png,Normal
COVID-81.png,COVID
COVID-2816.png,COVID
Normal-9181.png,Normal
Normal-4853.png,Normal
Viral Pneumonia-742.png,Viral Pneumonia
COVID-509.png,COVID
COVID-1896.png,COVID
COVID-665.png,COVID
Normal-8882.png,Normal
Normal-826.png,Normal
Normal-9505.png,Normal
Normal-5903.png,Normal
Normal-4020.png,Normal
Normal-4281.png,Normal
Normal-5793.png,Normal
Normal-8916.png,Normal
COVID-3133.png,COVID
COVID-2759.png,COVID
Normal-8071.png,Normal
Normal-9659.png,Normal
Normal-2998.png,Normal
Normal-7967.png,Normal
COVID-2851.png,COVID
COVID-3228.png,COVID
Normal-577.png,Normal
Normal-6456.png,Normal
Normal-1514.png,Normal
COVID-439.png,COVID
Normal-8087.png,Normal
Normal-6845.png,Normal
Normal-815.png,Normal
Normal-7252.png,Normal
Normal-8378.png,Normal
Normal-6087.png,Normal
Normal-2390.png,Normal
Normal-9992.png,Normal
Normal-1878.png,Normal
Normal-289.png,Normal
COVID-2487.png,COVID
Normal-9493.png,Normal
Normal-9524.png,Normal
Normal-2785.png,Normal
COVID-2454.png,COVID
Normal-1975.png,Normal
Normal-8921.png,Normal
COVID-2135.png,COVID
Viral Pneumonia-333.png,Viral Pneumonia
Normal-3753.png,Normal
Normal-9275.png,Normal
COVID-1587.png,COVID
Normal-2151.png,Normal
Normal-8835.png,Normal
Normal-3843.png,Normal
Normal-7748.png,Normal
COVID-9.png,COVID
Normal-6608.png,Normal
COVID-936.png,COVID
Normal-9719.png,Normal
Normal-5432.png,Normal
COVID-2637.png,COVID
COVID-1625.png,COVID
Viral Pneumonia-500.png,Viral Pneumonia
Normal-5579.png,Normal
Normal-6271.png,Normal
Normal-6684.png,Normal
Normal-7046.png,Normal
COVID-2249.png,COVID
Normal-5718.png,Normal
COVID-2906.png,COVID
Viral Pneumonia-97.png,Viral Pneumonia
Viral Pneumonia-220.png,Viral Pneumonia
Normal-310.png,Normal
COVID-165.png,COVID
Normal-6214.png,Normal
Normal-6346.png,Normal
Normal-9976.png,Normal
Normal-6896.png,Normal
Normal-78.png,Normal
COVID-3404.png,COVID
COVID-670.png,COVID
Viral Pneumonia-623.png,Viral Pneumonia
COVID-2728.png,COVID
Normal-7325.png,Normal
Normal-3740.png,Normal
Normal-5603.png,Normal
Normal-10104.png,Normal
Viral Pneumonia-146.png,Viral Pneumonia
COVID-2460.png,COVID
Viral Pneumonia-1120.png,Viral Pneumonia
Normal-8587.png,Normal
Normal-203.png,Normal
Normal-1454.png,Normal
Normal-61.png,Normal
Normal-2509.png,Normal
Normal-4173.png,Normal
Normal-3945.png,Normal
COVID-3105.png,COVID
COVID-3215.png,COVID
Normal-7034.png,Normal
Normal-7831.png,Normal
COVID-3547.png,COVID
Normal-5539.png,Normal
Normal-7540.png,Normal
Normal-3541.png,Normal
COVID-422.png,COVID
Normal-523.png,Normal
COVID-1789.png,COVID
COVID-2580.png,COVID
Normal-8831.png,Normal
Normal-5866.png,Normal
Normal-433.png,Normal
COVID-93.png,COVID
COVID-1637.png,COVID
COVID-2299.png,COVID
Normal-8923.png,Normal
Normal-5027.png,Normal
Normal-8318.png,Normal
COVID-180.png,COVID
Viral Pneumonia-63.png,Viral Pneumonia
Normal-9165.png,Normal
Normal-5251.png,Normal
Normal-6977.png,Normal
COVID-1222.png,COVID
Normal-7799.png,Normal
Normal-1594.png,Normal
COVID-2064.png,COVID
Normal-3786.png,Normal
COVID-2856.png,COVID
COVID-3447.png,COVID
COVID-1997.png,COVID
Normal-2298.png,Normal
Normal-8222.png,Normal
Normal-1541.png,Normal
Normal-4610.png,Normal
COVID-1217.png,COVID
Normal-5447.png,Normal
COVID-1030.png,COVID
COVID-3408.png,COVID
Normal-4289.png,Normal
Normal-5450.png,Normal
COVID-2267.png,COVID
Normal-2419.png,Normal
Viral Pneumonia-843.png,Viral Pneumonia
Normal-9506.png,Normal
Normal-7434.png,Normal
COVID-641.png,COVID
Normal-4267.png,Normal
COVID-466.png,COVID
Normal-3295.png,Normal
Normal-8209.png,Normal
Normal-5938.png,Normal
Normal-975.png,Normal
COVID-3130.png,COVID
Viral Pneumonia-977.png,Viral Pneumonia
Normal-9288.png,Normal
Normal-8179.png,Normal
Viral Pneumonia-66.png,Viral Pneumonia
Normal-8873.png,Normal
COVID-1757.png,COVID
Viral Pneumonia-1241.png,Viral Pneumonia
Normal-7726.png,Normal
Viral Pneumonia-708.png,Viral Pneumonia
Normal-1764.png,Normal
COVID-2380.png,COVID
Normal-7385.png,Normal
COVID-564.png,COVID
Normal-2053.png,Normal
COVID-833.png,COVID
Normal-9532.png,Normal
Normal-7006.png,Normal
Normal-9468.png,Normal
Normal-9544.png,Normal
Normal-702.png,Normal
COVID-1275.png,COVID
COVID-3024.png,COVID
Normal-636.png,Normal
Normal-1951.png,Normal
Normal-4722.png,Normal
COVID-3167.png,COVID
Normal-8010.png,Normal
Normal-9912.png,Normal
Normal-7575.png,Normal
Normal-5606.png,Normal
Viral Pneumonia-975.png,Viral Pneumonia
Normal-3974.png,Normal
Normal-7532.png,Normal
Normal-6783.png,Normal
Viral Pneumonia-1192.png,Viral Pneumonia
COVID-2492.png,COVID
COVID-3300.png,COVID
COVID-315.png,COVID
Normal-2152.png,Normal
Normal-5660.png,Normal
Normal-412.png,Normal
Normal-9856.png,Normal
Normal-4119.png,Normal
Normal-8335.png,Normal
Normal-10135.png,Normal
Normal-8387.png,Normal
Normal-6618.png,Normal
Normal-9164.png,Normal
Normal-7519.png,Normal
Viral Pneumonia-652.png,Viral Pneumonia
Normal-7196.png,Normal
Normal-2065.png,Normal
Normal-8137.png,Normal
COVID-2848.png,COVID
Normal-2454.png,Normal
Normal-9650.png,Normal
Viral Pneumonia-1271.png,Viral Pneumonia
Normal-4222.png,Normal
Normal-2026.png,Normal
Normal-9471.png,Normal
COVID-2543.png,COVID
Normal-4396.png,Normal
COVID-2060.png,COVID
Normal-7386.png,Normal
Normal-1228.png,Normal
Normal-6911.png,Normal
Normal-6774.png,Normal
Normal-399.png,Normal
Normal-3143.png,Normal
Normal-9233.png,Normal
Normal-8119.png,Normal
COVID-2957.png,COVID
Normal-5920.png,Normal
Normal-6780.png,Normal
Normal-4412.png,Normal
Normal-6331.png,Normal
COVID-111.png,COVID
COVID-92.png,COVID
COVID-1077.png,COVID
Viral Pneumonia-961.png,Viral Pneumonia
Viral Pneumonia-659.png,Viral Pneumonia
COVID-951.png,COVID
COVID-77.png,COVID
Normal-8728.png,Normal
COVID-3208.png,COVID
Viral Pneumonia-614.png,Viral Pneumonia
Normal-6891.png,Normal
Normal-3198.png,Normal
Normal-1717.png,Normal
Viral Pneumonia-451.png,Viral Pneumonia
Normal-8121.png,Normal
Normal-2450.png,Normal
Normal-7124.png,Normal
Viral Pneumonia-981.png,Viral Pneumonia
Viral Pneumonia-723.png,Viral Pneumonia
Normal-1032.png,Normal
Normal-4636.png,Normal
Normal-3665.png,Normal
COVID-3398.png,COVID
Viral Pneumonia-1293.png,Viral Pneumonia
COVID-1474.png,COVID
Normal-5063.png,Normal
Normal-260.png,Normal
COVID-1892.png,COVID
Normal-3294.png,Normal
Normal-4953.png,Normal
COVID-242.png,COVID
Normal-5280.png,Normal
Normal-1852.png,Normal
Normal-9764.png,Normal
Normal-3248.png,Normal
Viral Pneumonia-1138.png,Viral Pneumonia
Normal-4798.png,Normal
Normal-8252.png,Normal
COVID-3453.png,COVID
Normal-3181.png,Normal
Normal-133.png,Normal
COVID-300.png,COVID
COVID-1644.png,COVID
Normal-3826.png,Normal
Normal-3055.png,Normal
Normal-3548.png,Normal
Normal-5761.png,Normal
COVID-773.png,COVID
COVID-531.png,COVID
Normal-7456.png,Normal
Normal-1676.png,Normal
COVID-3026.png,COVID
Normal-5865.png,Normal
Normal-7744.png,Normal
Normal-2146.png,Normal
COVID-2052.png,COVID
Normal-4139.png,Normal
Normal-2100.png,Normal
Normal-9940.png,Normal
COVID-464.png,COVID
Normal-6345.png,Normal
Normal-446.png,Normal
COVID-2565.png,COVID
Normal-8481.png,Normal
Normal-9439.png,Normal
Normal-8020.png,Normal
COVID-818.png,COVID
COVID-110.png,COVID
Normal-8903.png,Normal
Viral Pneumonia-1210.png,Viral Pneumonia
Normal-7853.png,Normal
Normal-7634.png,Normal
Normal-6676.png,Normal
Normal-2191.png,Normal
COVID-2743.png,COVID
Normal-2032.png,Normal
Normal-6462.png,Normal
Viral Pneumonia-580.png,Viral Pneumonia
Normal-1433.png,Normal
COVID-1590.png,COVID
Normal-1067.png,Normal
Normal-3498.png,Normal
COVID-1421.png,COVID
Normal-3192.png,Normal
Normal-8293.png,Normal
Normal-3240.png,Normal
Normal-5107.png,Normal
COVID-1663.png,COVID
Normal-4794.png,Normal
Normal-6649.png,Normal
Normal-6125.png,Normal
Normal-1056.png,Normal
Normal-9419.png,Normal
Normal-8674.png,Normal
Normal-3061.png,Normal
COVID-3382.png,COVID
Normal-323.png,Normal
Normal-520.png,Normal
COVID-3101.png,COVID
COVID-3334.png,COVID
Viral Pneumonia-955.png,Viral Pneumonia
Normal-3500.png,Normal
Normal-5257.png,Normal
Normal-5069.png,Normal
Normal-2139.png,Normal
Viral Pneumonia-940.png,Viral Pneumonia
COVID-1816.png,COVID
COVID-673.png,COVID
Normal-1184.png,Normal
Normal-1343.png,Normal
Normal-3579.png,Normal
Normal-3385.png,Normal
Normal-5295.png,Normal
Normal-4184.png,Normal
COVID-1756.png,COVID
Normal-1136.png,Normal
Normal-5056.png,Normal
Normal-564.png,Normal
Normal-1127.png,Normal
Normal-5416.png,Normal
Normal-711.png,Normal
Normal-1601.png,Normal
Normal-1064.png,Normal
Normal-486.png,Normal
COVID-2889.png,COVID
Normal-2125.png,Normal
COVID-3568.png,COVID
Normal-10005.png,Normal
Normal-5764.png,Normal
COVID-837.png,COVID
Normal-2388.png,Normal
COVID-1343.png,COVID
Normal-4408.png,Normal
Normal-9698.png,Normal
COVID-335.png,COVID
Normal-5748.png,Normal
Viral Pneumonia-443.png,Viral Pneumonia
Normal-5666.png,Normal
Normal-6020.png,Normal
Normal-2005.png,Normal
Viral Pneumonia-916.png,Viral Pneumonia
Normal-4355.png,Normal
Viral Pneumonia-798.png,Viral Pneumonia
COVID-1403.png,COVID
Normal-6770.png,Normal
COVID-1288.png,COVID
Normal-1146.png,Normal
Viral Pneumonia-396.png,Viral Pneumonia
COVID-2334.png,COVID
Normal-5854.png,Normal
Normal-7962.png,Normal
COVID-47.png,COVID
Normal-586.png,Normal
Normal-8919.png,Normal
COVID-3276.png,COVID
Normal-908.png,Normal
Normal-6823.png,Normal
Viral Pneumonia-684.png,Viral Pneumonia
Normal-8981.png,Normal
COVID-3347.png,COVID
Normal-8187.png,Normal
Normal-6517.png,Normal
COVID-1090.png,COVID
COVID-1922.png,COVID
Normal-4820.png,Normal
Normal-8846.png,Normal
Viral Pneumonia-239.png,Viral Pneumonia
Normal-9554.png,Normal
COVID-2384.png,COVID
Normal-5090.png,Normal
COVID-1155.png,COVID
Normal-9484.png,Normal
Normal-6625.png,Normal
Normal-1116.png,Normal
Normal-2452.png,Normal
Normal-1052.png,Normal
Normal-9590.png,Normal
Normal-2889.png,Normal
Viral Pneumonia-1013.png,Viral Pneumonia
Normal-1798.png,Normal
Normal-8694.png,Normal
Normal-8353.png,Normal
Viral Pneumonia-1115.png,Viral Pneumonia
Normal-6410.png,Normal
COVID-1803.png,COVID
Normal-8851.png,Normal
Normal-4368.png,Normal
Normal-10191.png,Normal
Normal-6686.png,Normal
Normal-515.png,Normal
Normal-4632.png,Normal
Normal-4314.png,Normal
Normal-4580.png,Normal
Normal-7466.png,Normal
COVID-621.png,COVID
Normal-9153.png,Normal
Normal-5287.png,Normal
Normal-7902.png,Normal
Normal-5967.png,Normal
COVID-1266.png,COVID
Normal-329.png,Normal
Normal-9093.png,Normal
Viral Pneumonia-644.png,Viral Pneumonia
Normal-6162.png,Normal
Normal-6758.png,Normal
COVID-1825.png,COVID
Normal-6301.png,Normal
Normal-8065.png,Normal
Normal-8547.png,Normal
Normal-3651.png,Normal
Normal-9372.png,Normal
Normal-2555.png,Normal
Normal-2417.png,Normal
Normal-8393.png,Normal
COVID-980.png,COVID
Normal-4982.png,Normal
COVID-2306.png,COVID
Normal-9598.png,Normal
Normal-5807.png,Normal
COVID-2409.png,COVID
COVID-1017.png,COVID
Normal-8167.png,Normal
Viral Pneumonia-639.png,Viral Pneumonia
Normal-1445.png,Normal
Viral Pneumonia-1139.png,Viral Pneumonia
Normal-10103.png,Normal
Normal-5122.png,Normal
Normal-5935.png,Normal
COVID-3073.png,COVID
Normal-7114.png,Normal
Normal-2108.png,Normal
Normal-5137.png,Normal
Normal-3064.png,Normal
Normal-5964.png,Normal
Normal-4889.png,Normal
Normal-9102.png,Normal
Normal-1125.png,Normal
Viral Pneumonia-808.png,Viral Pneumonia
Viral Pneumonia-511.png,Viral Pneumonia
Normal-3346.png,Normal
Viral Pneumonia-745.png,Viral Pneumonia
COVID-1710.png,COVID
Normal-704.png,Normal
COVID-357.png,COVID
COVID-2029.png,COVID
Normal-7158.png,Normal
Normal-10085.png,Normal
COVID-1845.png,COVID
Normal-1118.png,Normal
Normal-9943.png,Normal
Normal-5234.png,Normal
Normal-8111.png,Normal
Normal-2991.png,Normal
Normal-2041.png,Normal
COVID-3348.png,COVID
Normal-2862.png,Normal
COVID-2462.png,COVID
Normal-6066.png,Normal
Normal-9301.png,Normal
COVID-1295.png,COVID
Normal-4424.png,Normal
Normal-6171.png,Normal
Normal-3093.png,Normal
Normal-979.png,Normal
Normal-3059.png,Normal
Normal-7400.png,Normal
Normal-9649.png,Normal
COVID-2902.png,COVID
Normal-9394.png,Normal
COVID-2091.png,COVID
Normal-9848.png,Normal
Normal-1350.png,Normal
COVID-2524.png,COVID
Normal-5074.png,Normal
Normal-8383.png,Normal
Normal-6832.png,Normal
Normal-5965.png,Normal
Normal-1351.png,Normal
Normal-6613.png,Normal
Viral Pneumonia-471.png,Viral Pneumonia
Normal-8571.png,Normal
COVID-178.png,COVID
COVID-1013.png,COVID
Normal-2060.png,Normal
Normal-3870.png,Normal
Normal-7858.png,Normal
Normal-3115.png,Normal
Normal-7553.png,Normal
Viral Pneumonia-503.png,Viral Pneumonia
Normal-8240.png,Normal
Normal-7341.png,Normal
Normal-6853.png,Normal
Normal-568.png,Normal
COVID-60.png,COVID
COVID-797.png,COVID
COVID-1917.png,COVID
Normal-7724.png,Normal
Viral Pneumonia-493.png,Viral Pneumonia
Normal-1502.png,Normal
Normal-6586.png,Normal
Normal-9192.png,Normal
Normal-6200.png,Normal
Normal-3965.png,Normal
Normal-1053.png,Normal
COVID-560.png,COVID
Normal-2730.png,Normal
Normal-2609.png,Normal
Normal-4305.png,Normal
Normal-8749.png,Normal
Normal-3944.png,Normal
COVID-68.png,COVID
Normal-4033.png,Normal
Normal-473.png,Normal
Normal-9518.png,Normal
Normal-6656.png,Normal
Viral Pneumonia-604.png,Viral Pneumonia
Normal-6317.png,Normal
Normal-7972.png,Normal
Normal-9269.png,Normal
Normal-700.png,Normal
Normal-6307.png,Normal
Normal-9499.png,Normal
Normal-6150.png,Normal
COVID-1914.png,COVID
Viral Pneumonia-755.png,Viral Pneumonia
COVID-2046.png,COVID
Normal-4468.png,Normal
Normal-70.png,Normal
Normal-3735.png,Normal
COVID-2404.png,COVID
Normal-3625.png,Normal
Normal-10151.png,Normal
Normal-1948.png,Normal
Normal-2335.png,Normal
Normal-3739.png,Normal
Normal-3276.png,Normal
Normal-9315.png,Normal
COVID-3033.png,COVID
Normal-9267.png,Normal
Normal-8158.png,Normal
COVID-1834.png,COVID
Normal-8366.png,Normal
Viral Pneumonia-1040.png,Viral Pneumonia
Normal-287.png,Normal
Normal-4260.png,Normal
COVID-1715.png,COVID
Normal-3133.png,Normal
Normal-1470.png,Normal
Viral Pneumonia-71.png,Viral Pneumonia
Normal-3237.png,Normal
COVID-905.png,COVID
Normal-805.png,Normal
COVID-10.png,COVID
COVID-69.png,COVID
Viral Pneumonia-541.png,Viral Pneumonia
COVID-1431.png,COVID
Normal-9135.png,Normal
COVID-2725.png,COVID
COVID-1432.png,COVID
Viral Pneumonia-702.png,Viral Pneumonia
COVID-1227.png,COVID
Normal-1370.png,Normal
COVID-2895.png,COVID
COVID-3379.png,COVID
Normal-5725.png,Normal
Viral Pneumonia-118.png,Viral Pneumonia
COVID-2162.png,COVID
Normal-9041.png,Normal
Normal-8500.png,Normal
Normal-5214.png,Normal
Normal-4823.png,Normal
COVID-1189.png,COVID
Normal-2625.png,Normal
Normal-7899.png,Normal
Viral Pneumonia-373.png,Viral Pneumonia
Normal-7017.png,Normal
COVID-2465.png,COVID
Normal-1941.png,Normal
Normal-7040.png,Normal
Normal-3341.png,Normal
COVID-2624.png,COVID
Normal-1017.png,Normal
Normal-3714.png,Normal
Normal-4797.png,Normal
Normal-1835.png,Normal
Normal-2057.png,Normal
COVID-2256.png,COVID
Normal-8132.png,Normal
Normal-6740.png,Normal
Normal-6986.png,Normal
COVID-1965.png,COVID
Normal-6031.png,Normal
Viral Pneumonia-1058.png,Viral Pneumonia
Normal-3551.png,Normal
Normal-8249.png,Normal
Normal-2767.png,Normal
COVID-3479.png,COVID
Normal-8511.png,Normal
Viral Pneumonia-142.png,Viral Pneumonia
COVID-3456.png,COVID
Normal-2442.png,Normal
Normal-7414.png,Normal
Viral Pneumonia-643.png,Viral Pneumonia
Viral Pneumonia-150.png,Viral Pneumonia
Normal-7421.png,Normal
Viral Pneumonia-424.png,Viral Pneumonia
Viral Pneumonia-1011.png,Viral Pneumonia
Normal-4923.png,Normal
Normal-3638.png,Normal
COVID-575.png,COVID
Viral Pneumonia-13.png,Viral Pneumonia
Normal-9570.png,Normal
COVID-1864.png,COVID
COVID-402.png,COVID
Normal-6626.png,Normal
Normal-3097.png,Normal
Normal-4170.png,Normal
Normal-5766.png,Normal
Normal-5390.png,Normal
Normal-3515.png,Normal
COVID-608.png,COVID
COVID-683.png,COVID
Normal-3919.png,Normal
Viral Pneumonia-744.png,Viral Pneumonia
Normal-7032.png,Normal
Normal-8523.png,Normal
Normal-5555.png,Normal
Normal-6085.png,Normal
Normal-8700.png,Normal
COVID-349.png,COVID
Normal-4564.png,Normal
Normal-5887.png,Normal
Normal-8778.png,Normal
Viral Pneumonia-657.png,Viral Pneumonia
Normal-7738.png,Normal
Viral Pneumonia-49.png,Viral Pneumonia
Normal-6068.png,Normal
Normal-3274.png,Normal
Normal-2079.png,Normal
Normal-2967.png,Normal
COVID-746.png,COVID
COVID-3525.png,COVID
Normal-9906.png,Normal
Normal-7024.png,Normal
Normal-3773.png,Normal
Viral Pneumonia-785.png,Viral Pneumonia
Normal-8377.png,Normal
COVID-318.png,COVID
Normal-4417.png,Normal
COVID-2151.png,COVID
Normal-2168.png,Normal
Normal-2166.png,Normal
Normal-2859.png,Normal
COVID-3374.png,COVID
Normal-2036.png,Normal
Normal-1263.png,Normal
Normal-3810.png,Normal
Normal-3071.png,Normal
Normal-6452.png,Normal
Normal-4375.png,Normal
COVID-137.png,COVID
Normal-6329.png,Normal
Normal-1133.png,Normal
Normal-7868.png,Normal
Normal-9441.png,Normal
Normal-5313.png,Normal
Viral Pneumonia-1183.png,Viral Pneumonia
Normal-1909.png,Normal
Normal-792.png,Normal
Normal-603.png,Normal
COVID-2456.png,COVID
Normal-6920.png,Normal
Viral Pneumonia-1308.png,Viral Pneumonia
Normal-5070.png,Normal
Normal-7054.png,Normal
Normal-5674.png,Normal
Normal-806.png,Normal
Viral Pneumonia-795.png,Viral Pneumonia
COVID-849.png,COVID
Normal-9513.png,Normal
COVID-2352.png,COVID
Normal-7688.png,Normal
Normal-8184.png,Normal
COVID-1422.png,COVID
COVID-1686.png,COVID
COVID-3385.png,COVID
Normal-6209.png,Normal
Normal-572.png,Normal
Normal-8332.png,Normal
Normal-2367.png,Normal
Normal-6215.png,Normal
Normal-2687.png,Normal
Normal-2263.png,Normal
Normal-7003.png,Normal
COVID-890.png,COVID
Normal-1590.png,Normal
COVID-2117.png,COVID
Normal-6851.png,Normal
Viral Pneumonia-265.png,Viral Pneumonia
Viral Pneumonia-967.png,Viral Pneumonia
Normal-1511.png,Normal
Normal-5336.png,Normal
Normal-6261.png,Normal
Normal-1627.png,Normal
Normal-8716.png,Normal
Normal-2553.png,Normal
COVID-1007.png,COVID
Normal-4951.png,Normal
Normal-2302.png,Normal
Normal-2116.png,Normal
Normal-3315.png,Normal
Normal-8713.png,Normal
COVID-3421.png,COVID
COVID-1793.png,COVID
Normal-1920.png,Normal
Viral Pneumonia-574.png,Viral Pneumonia
Normal-3395.png,Normal
Normal-1396.png,Normal
Normal-2173.png,Normal
Normal-9350.png,Normal
Normal-2855.png,Normal
Normal-3859.png,Normal
Normal-7077.png,Normal
Normal-5250.png,Normal
COVID-538.png,COVID
Normal-875.png,Normal
COVID-2546.png,COVID
Viral Pneumonia-129.png,Viral Pneumonia
COVID-1852.png,COVID
Normal-1949.png,Normal
Normal-27.png,Normal
COVID-3597.png,COVID
Normal-8824.png,Normal
Normal-2047.png,Normal
Normal-7431.png,Normal
Normal-8416.png,Normal
COVID-652.png,COVID
Normal-595.png,Normal
Normal-4280.png,Normal
Normal-6633.png,Normal
Normal-7310.png,Normal
COVID-1743.png,COVID
Normal-1783.png,Normal
COVID-2928.png,COVID
Normal-625.png,Normal
Normal-6427.png,Normal
Normal-9510.png,Normal
COVID-2286.png,COVID
Normal-1094.png,Normal
COVID-1232.png,COVID
COVID-1289.png,COVID
COVID-2554.png,COVID
COVID-2375.png,COVID
COVID-2421.png,COVID
Normal-3715.png,Normal
Normal-2085.png,Normal
COVID-3174.png,COVID
Normal-4706.png,Normal
COVID-1963.png,COVID
Normal-9205.png,Normal
Normal-7019.png,Normal
Normal-2678.png,Normal
Normal-777.png,Normal
COVID-864.png,COVID
COVID-1085.png,COVID
Normal-6201.png,Normal
COVID-2619.png,COVID
Normal-7098.png,Normal
Normal-4658.png,Normal
COVID-1252.png,COVID
Viral Pneumonia-711.png,Viral Pneumonia
COVID-625.png,COVID
Normal-2144.png,Normal
Normal-6736.png,Normal
Viral Pneumonia-1069.png,Viral Pneumonia
Normal-9699.png,Normal
COVID-1144.png,COVID
Viral Pneumonia-906.png,Viral Pneumonia
Normal-753.png,Normal
Normal-8263.png,Normal
Viral Pneumonia-217.png,Viral Pneumonia
Viral Pneumonia-789.png,Viral Pneumonia
Normal-8363.png,Normal
COVID-2078.png,COVID
Normal-4528.png,Normal
COVID-3277.png,COVID
COVID-1310.png,COVID
Normal-7546.png,Normal
Normal-9736.png,Normal
Normal-6799.png,Normal
COVID-2992.png,COVID
Normal-3223.png,Normal
Normal-86.png,Normal
Normal-9289.png,Normal
Viral Pneumonia-236.png,Viral Pneumonia
Viral Pneumonia-1167.png,Viral Pneumonia
Viral Pneumonia-101.png,Viral Pneumonia
Normal-575.png,Normal
Normal-6970.png,Normal
COVID-3027.png,COVID
Normal-7053.png,Normal
Normal-5106.png,Normal
Normal-5566.png,Normal
Normal-8926.png,Normal
Normal-7125.png,Normal
Normal-7210.png,Normal
Viral Pneumonia-219.png,Viral Pneumonia
Viral Pneumonia-1127.png,Viral Pneumonia
Normal-5413.png,Normal
Normal-8578.png,Normal
COVID-888.png,COVID
Viral Pneumonia-160.png,Viral Pneumonia
Normal-3561.png,Normal
Normal-7186.png,Normal
Normal-8219.png,Normal
COVID-207.png,COVID
Normal-2297.png,Normal
Normal-5523.png,Normal
Normal-5627.png,Normal
Normal-3863.png,Normal
Normal-519.png,Normal
COVID-960.png,COVID
COVID-2360.png,COVID
COVID-100.png,COVID
Normal-2069.png,Normal
Normal-9692.png,Normal
COVID-1676.png,COVID
Normal-4574.png,Normal
COVID-638.png,COVID
Normal-8955.png,Normal
Normal-3195.png,Normal
Normal-7171.png,Normal
Normal-10063.png,Normal
Normal-8746.png,Normal
Normal-6106.png,Normal
Normal-3520.png,Normal
COVID-377.png,COVID
Normal-114.png,Normal
Normal-756.png,Normal
Viral Pneumonia-849.png,Viral Pneumonia
Normal-1830.png,Normal
Viral Pneumonia-1023.png,Viral Pneumonia
COVID-651.png,COVID
Normal-2207.png,Normal
COVID-3224.png,COVID
Normal-3881.png,Normal
Normal-2029.png,Normal
Normal-817.png,Normal
COVID-3292.png,COVID
COVID-56.png,COVID
Normal-117.png,Normal
Normal-8698.png,Normal
Normal-3745.png,Normal
Viral Pneumonia-1171.png,Viral Pneumonia
Normal-5528.png,Normal
Normal-434.png,Normal
COVID-2983.png,COVID
Normal-1905.png,Normal
COVID-704.png,COVID
Normal-51.png,Normal
Normal-9015.png,Normal
Viral Pneumonia-1236.png,Viral Pneumonia
Normal-5050.png,Normal
Normal-9327.png,Normal
Normal-9072.png,Normal
COVID-3366.png,COVID
Normal-1981.png,Normal
COVID-2621.png,COVID
COVID-724.png,COVID
Normal-7450.png,Normal
Normal-119.png,Normal
Normal-189.png,Normal
Normal-1304.png,Normal
Normal-8542.png,Normal
COVID-432.png,COVID
Normal-4077.png,Normal
COVID-1690.png,COVID
COVID-3393.png,COVID
Normal-8206.png,Normal
Normal-5248.png,Normal
COVID-1516.png,COVID
COVID-2821.png,COVID
Normal-1826.png,Normal
COVID-3085.png,COVID
Normal-3025.png,Normal
Normal-9944.png,Normal
Normal-8712.png,Normal
COVID-2289.png,COVID
Normal-7115.png,Normal
Normal-2315.png,Normal
Normal-8475.png,Normal
Normal-6265.png,Normal
Normal-9740.png,Normal
Viral Pneumonia-156.png,Viral Pneumonia
Normal-8330.png,Normal
Normal-2920.png,Normal
Normal-10094.png,Normal
Viral Pneumonia-450.png,Viral Pneumonia
Normal-4756.png,Normal
Normal-3286.png,Normal
Normal-4040.png,Normal
COVID-2652.png,COVID
Normal-3713.png,Normal
COVID-2398.png,COVID
Normal-5867.png,Normal
COVID-1990.png,COVID
Normal-7394.png,Normal
COVID-2016.png,COVID
Normal-8679.png,Normal
COVID-2349.png,COVID
Normal-798.png,Normal
Normal-4309.png,Normal
COVID-2463.png,COVID
COVID-1402.png,COVID
Normal-7056.png,Normal
Viral Pneumonia-546.png,Viral Pneumonia
Normal-7676.png,Normal
Normal-9565.png,Normal
Normal-3972.png,Normal
Normal-3598.png,Normal
COVID-3605.png,COVID
COVID-253.png,COVID
Normal-3362.png,Normal
Normal-9566.png,Normal
Normal-9661.png,Normal
Normal-8253.png,Normal
Normal-8334.png,Normal
Viral Pneumonia-920.png,Viral Pneumonia
Normal-5853.png,Normal
Normal-301.png,Normal
Normal-215.png,Normal
COVID-434.png,COVID
Normal-8455.png,Normal
Normal-9512.png,Normal
Normal-9507.png,Normal
Normal-5973.png,Normal
Normal-2490.png,Normal
Viral Pneumonia-575.png,Viral Pneumonia
Normal-9932.png,Normal
COVID-1856.png,COVID
Normal-7500.png,Normal
Normal-8066.png,Normal
COVID-1397.png,COVID
COVID-2769.png,COVID
Normal-6700.png,Normal
Normal-4845.png,Normal
Normal-7392.png,Normal
Normal-7014.png,Normal
COVID-912.png,COVID
Normal-6416.png,Normal
Normal-3615.png,Normal
Normal-4395.png,Normal
Normal-947.png,Normal
Normal-5567.png,Normal
Normal-3992.png,Normal
Normal-3907.png,Normal
COVID-2083.png,COVID
COVID-3370.png,COVID
COVID-2146.png,COVID
COVID-1574.png,COVID
Normal-267.png,Normal
Normal-2760.png,Normal
Normal-4618.png,Normal
Normal-1803.png,Normal
Normal-1931.png,Normal
Normal-6993.png,Normal
Normal-4806.png,Normal
Viral Pneumonia-349.png,Viral Pneumonia
Normal-1577.png,Normal
Normal-4382.png,Normal
Normal-345.png,Normal
COVID-649.png,COVID
Normal-4628.png,Normal
COVID-1225.png,COVID
COVID-2907.png,COVID
Normal-8018.png,Normal
COVID-2284.png,COVID
Normal-9843.png,Normal
Normal-2278.png,Normal
Normal-4895.png,Normal
COVID-1887.png,COVID
Normal-3356.png,Normal
Normal-6274.png,Normal
Normal-4053.png,Normal
Normal-8638.png,Normal
Normal-9464.png,Normal
COVID-2663.png,COVID
Normal-8866.png,Normal
Viral Pneumonia-78.png,Viral Pneumonia
Normal-5150.png,Normal
COVID-1952.png,COVID
Normal-8100.png,Normal
Viral Pneumonia-292.png,Viral Pneumonia
Normal-4720.png,Normal
Normal-1149.png,Normal
Normal-8270.png,Normal
Normal-1870.png,Normal
COVID-61.png,COVID
COVID-2530.png,COVID
COVID-2837.png,COVID
Normal-6879.png,Normal
Viral Pneumonia-1049.png,Viral Pneumonia
Normal-4080.png,Normal
Normal-1528.png,Normal
Normal-7306.png,Normal
Normal-9947.png,Normal
COVID-1854.png,COVID
Normal-4039.png,Normal
Normal-6743.png,Normal
Normal-9184.png,Normal
Normal-955.png,Normal
COVID-3387.png,COVID
Normal-6343.png,Normal
Normal-6378.png,Normal
COVID-1122.png,COVID
Normal-7884.png,Normal
Normal-3357.png,Normal
Normal-1575.png,Normal
COVID-259.png,COVID
Normal-5508.png,Normal
Normal-4326.png,Normal
Normal-5697.png,Normal
COVID-1576.png,COVID
Normal-9840.png,Normal
COVID-3163.png,COVID
COVID-2093.png,COVID
Normal-5616.png,Normal
Normal-6009.png,Normal
Normal-5628.png,Normal
Normal-108.png,Normal
Normal-4246.png,Normal
Normal-1111.png,Normal
Normal-8023.png,Normal
Normal-9773.png,Normal
Normal-7877.png,Normal
COVID-1481.png,COVID
Normal-2551.png,Normal
Normal-5154.png,Normal
COVID-2654.png,COVID
Normal-9839.png,Normal
Normal-4562.png,Normal
Normal-3369.png,Normal
Viral Pneumonia-1147.png,Viral Pneumonia
Normal-628.png,Normal
COVID-955.png,COVID
Normal-6877.png,Normal
Normal-9734.png,Normal
COVID-2733.png,COVID
Normal-2989.png,Normal
COVID-438.png,COVID
Normal-6939.png,Normal
Normal-6355.png,Normal
Normal-6945.png,Normal
COVID-2529.png,COVID
Normal-8427.png,Normal
COVID-2362.png,COVID
Normal-3212.png,Normal
COVID-3260.png,COVID
Normal-7630.png,Normal
Normal-1837.png,Normal
COVID-1075.png,COVID
Normal-3555.png,Normal
Normal-2784.png,Normal
Normal-2122.png,Normal
Normal-9379.png,Normal
COVID-3004.png,COVID
Viral Pneumonia-773.png,Viral Pneumonia
Normal-4763.png,Normal
COVID-1897.png,COVID
Viral Pneumonia-80.png,Viral Pneumonia
Normal-9712.png,Normal
Normal-34.png,Normal
Normal-1246.png,Normal
Normal-857.png,Normal
Normal-4153.png,Normal
Normal-228.png,Normal
Normal-3710.png,Normal
Normal-146.png,Normal
COVID-1083.png,COVID
Normal-5437.png,Normal
Normal-950.png,Normal
Viral Pneumonia-696.png,Viral Pneumonia
Normal-5740.png,Normal
Normal-5919.png,Normal
COVID-2634.png,COVID
Normal-10035.png,Normal
Normal-4814.png,Normal
Normal-8028.png,Normal
Normal-9084.png,Normal
Normal-4346.png,Normal
Normal-5411.png,Normal
Normal-1838.png,Normal
Normal-8358.png,Normal
Viral Pneumonia-22.png,Viral Pneumonia
Normal-3086.png,Normal
Normal-7367.png,Normal
COVID-2213.png,COVID
Normal-9044.png,Normal
Normal-8980.png,Normal
COVID-32.png,COVID
Normal-7637.png,Normal
Normal-1582.png,Normal
Normal-2962.png,Normal
COVID-1591.png,COVID
COVID-2569.png,COVID
Viral Pneumonia-90.png,Viral Pneumonia
Normal-6340.png,Normal
Normal-1046.png,Normal
Normal-5223.png,Normal
Normal-1700.png,Normal
Normal-8951.png,Normal
Normal-2127.png,Normal
Normal-6952.png,Normal
Normal-7095.png,Normal
COVID-3609.png,COVID
Normal-299.png,Normal
Normal-6225.png,Normal
COVID-2984.png,COVID
Normal-8959.png,Normal
COVID-1043.png,COVID
Normal-727.png,Normal
COVID-2819.png,COVID
Normal-1890.png,Normal
COVID-2367.png,COVID
Viral Pneumonia-1039.png,Viral Pneumonia
Normal-6704.png,Normal
Normal-3903.png,Normal
Normal-2582.png,Normal
COVID-1738.png,COVID
COVID-2397.png,COVID
COVID-2222.png,COVID
Normal-11.png,Normal
COVID-2783.png,COVID
COVID-1910.png,COVID
Normal-3035.png,Normal
COVID-3046.png,COVID
Normal-6615.png,Normal
COVID-2838.png,COVID
Normal-4877.png,Normal
COVID-3577.png,COVID
Normal-2912.png,Normal
Normal-4949.png,Normal
Normal-2543.png,Normal
Normal-4473.png,Normal
Normal-4021.png,Normal
Normal-2210.png,Normal
COVID-288.png,COVID
COVID-2225.png,COVID
Viral Pneumonia-966.png,Viral Pneumonia
COVID-2308.png,COVID
COVID-123.png,COVID
Normal-2046.png,Normal
COVID-3338.png,COVID
Normal-8917.png,Normal
Viral Pneumonia-1036.png,Viral Pneumonia
Normal-1404.png,Normal
Normal-6018.png,Normal
Normal-1054.png,Normal
COVID-3175.png,COVID
Normal-906.png,Normal
COVID-20.png,COVID
COVID-1346.png,COVID
Normal-5704.png,Normal
Normal-201.png,Normal
COVID-2964.png,COVID
Normal-9904.png,Normal
Normal-1599.png,Normal
COVID-1396.png,COVID
Normal-9898.png,Normal
COVID-262.png,COVID
Normal-6822.png,Normal
Normal-2493.png,Normal
Normal-3908.png,Normal
Normal-6838.png,Normal
Normal-8407.png,Normal
Normal-8673.png,Normal
Normal-9407.png,Normal
Viral Pneumonia-1168.png,Viral Pneumonia
Normal-9744.png,Normal
Normal-5788.png,Normal
Viral Pneumonia-242.png,Viral Pneumonia
Normal-7603.png,Normal
COVID-3020.png,COVID
Normal-4548.png,Normal
Viral Pneumonia-93.png,Viral Pneumonia
Normal-5745.png,Normal
Normal-3118.png,Normal
Normal-2602.png,Normal
Viral Pneumonia-821.png,Viral Pneumonia
COVID-1811.png,COVID
COVID-145.png,COVID
Normal-4930.png,Normal
Normal-1593.png,Normal
COVID-1925.png,COVID
Viral Pneumonia-1189.png,Viral Pneumonia
Normal-5380.png,Normal
Normal-2504.png,Normal
COVID-1309.png,COVID
Normal-3306.png,Normal
COVID-1788.png,COVID
Normal-6382.png,Normal
Normal-6153.png,Normal
Normal-372.png,Normal
COVID-2449.png,COVID
Normal-139.png,Normal
Normal-2048.png,Normal
Viral Pneumonia-275.png,Viral Pneumonia
Normal-4622.png,Normal
COVID-961.png,COVID
COVID-1535.png,COVID
Normal-6735.png,Normal
COVID-726.png,COVID
Normal-774.png,Normal
Viral Pneumonia-52.png,Viral Pneumonia
Normal-6537.png,Normal
COVID-1193.png,COVID
COVID-768.png,COVID
Normal-4569.png,Normal
Normal-7422.png,Normal
Normal-3845.png,Normal
Normal-1050.png,Normal
Normal-5348.png,Normal
COVID-2305.png,COVID
COVID-1709.png,COVID
Normal-1471.png,Normal
Normal-9316.png,Normal
Normal-2755.png,Normal
Normal-4742.png,Normal
COVID-1158.png,COVID
Normal-4670.png,Normal
Normal-9298.png,Normal
Normal-1183.png,Normal
COVID-942.png,COVID
COVID-3445.png,COVID
COVID-2396.png,COVID
Normal-3554.png,Normal
Normal-5835.png,Normal
COVID-364.png,COVID
Normal-7494.png,Normal
Normal-9774.png,Normal
Normal-10152.png,Normal
COVID-1681.png,COVID
Normal-6539.png,Normal
COVID-1978.png,COVID
Normal-7922.png,Normal
Viral Pneumonia-801.png,Viral Pneumonia
Normal-7649.png,Normal
Normal-624.png,Normal
Normal-4934.png,Normal
Normal-4279.png,Normal
Normal-1167.png,Normal
Normal-8862.png,Normal
Normal-8797.png,Normal
Normal-9694.png,Normal
Normal-4188.png,Normal
COVID-1620.png,COVID
COVID-508.png,COVID
Normal-9670.png,Normal
COVID-2408.png,COVID
Normal-1483.png,Normal
COVID-3515.png,COVID
Viral Pneumonia-577.png,Viral Pneumonia
Normal-6547.png,Normal
COVID-1994.png,COVID
COVID-1216.png,COVID
Normal-8685.png,Normal
Normal-1519.png,Normal
COVID-802.png,COVID
Normal-5932.png,Normal
COVID-3598.png,COVID
Normal-8821.png,Normal
Normal-5615.png,Normal
Normal-9733.png,Normal
COVID-2160.png,COVID
Normal-9128.png,Normal
Normal-9706.png,Normal
Normal-969.png,Normal
COVID-1109.png,COVID
Normal-217.png,Normal
Normal-3706.png,Normal
COVID-1472.png,COVID
Viral Pneumonia-37.png,Viral Pneumonia
COVID-2700.png,COVID
Normal-8488.png,Normal
Viral Pneumonia-542.png,Viral Pneumonia
Normal-1001.png,Normal
COVID-2795.png,COVID
Viral Pneumonia-403.png,Viral Pneumonia
COVID-2771.png,COVID
Normal-6481.png,Normal
Viral Pneumonia-647.png,Viral Pneumonia
Normal-90.png,Normal
COVID-2195.png,COVID
Normal-836.png,Normal
Normal-8076.png,Normal
Normal-6566.png,Normal
Normal-3712.png,Normal
COVID-975.png,COVID
Normal-8139.png,Normal
Normal-283.png,Normal
Normal-938.png,Normal
Normal-1921.png,Normal
Normal-9467.png,Normal
Normal-3869.png,Normal
Normal-5812.png,Normal
Normal-6113.png,Normal
COVID-2145.png,COVID
COVID-296.png,COVID
Normal-6917.png,Normal
COVID-3230.png,COVID
Normal-6438.png,Normal
Viral Pneumonia-308.png,Viral Pneumonia
Normal-8817.png,Normal
Normal-8767.png,Normal
COVID-2436.png,COVID
Viral Pneumonia-709.png,Viral Pneumonia
Normal-6705.png,Normal
COVID-2076.png,COVID
Normal-4160.png,Normal
COVID-2745.png,COVID
COVID-1999.png,COVID
Normal-5943.png,Normal
Normal-998.png,Normal
Normal-5397.png,Normal
Normal-6273.png,Normal
Viral Pneumonia-321.png,Viral Pneumonia
COVID-3405.png,COVID
Viral Pneumonia-699.png,Viral Pneumonia
Normal-223.png,Normal
Normal-5611.png,Normal
Normal-7016.png,Normal
COVID-3108.png,COVID
COVID-1929.png,COVID
Normal-4127.png,Normal
COVID-2425.png,COVID
Normal-8325.png,Normal
Viral Pneumonia-268.png,Viral Pneumonia
Normal-4431.png,Normal
Normal-6880.png,Normal
Normal-8922.png,Normal
Viral Pneumonia-826.png,Viral Pneumonia
Viral Pneumonia-335.png,Viral Pneumonia
Normal-7569.png,Normal
Viral Pneumonia-324.png,Viral Pneumonia
COVID-782.png,COVID
Normal-5719.png,Normal
Normal-7227.png,Normal
Normal-5403.png,Normal
Normal-4791.png,Normal
COVID-3561.png,COVID
Normal-3547.png,Normal
Viral Pneumonia-1273.png,Viral Pneumonia
Normal-3084.png,Normal
Normal-9540.png,Normal
COVID-2019.png,COVID
Normal-8046.png,Normal
Normal-509.png,Normal
Normal-8130.png,Normal
COVID-532.png,COVID
Normal-662.png,Normal
Normal-6322.png,Normal
Normal-4071.png,Normal
Normal-8702.png,Normal
Normal-18.png,Normal
COVID-738.png,COVID
COVID-152.png,COVID
Normal-718.png,Normal
Normal-5829.png,Normal
Normal-7433.png,Normal
Normal-9425.png,Normal
Normal-6111.png,Normal
Normal-1097.png,Normal
Normal-6333.png,Normal
Normal-1181.png,Normal
Normal-1807.png,Normal
Normal-7772.png,Normal
Viral Pneumonia-133.png,Viral Pneumonia
Normal-4881.png,Normal
Normal-7391.png,Normal
Normal-6796.png,Normal
COVID-1366.png,COVID
Normal-6447.png,Normal
Normal-5722.png,Normal
COVID-1190.png,COVID
Normal-1875.png,Normal
COVID-1512.png,COVID
COVID-2625.png,COVID
Normal-4955.png,Normal
COVID-2471.png,COVID
COVID-524.png,COVID
Normal-4751.png,Normal
Viral Pneumonia-367.png,Viral Pneumonia
Normal-3462.png,Normal
Normal-5960.png,Normal
Normal-3234.png,Normal
Normal-6149.png,Normal
Normal-1513.png,Normal
COVID-2359.png,COVID
Normal-6745.png,Normal
Normal-4251.png,Normal
Normal-5659.png,Normal
Normal-1763.png,Normal
Viral Pneumonia-329.png,Viral Pneumonia
Normal-2103.png,Normal
Normal-5092.png,Normal
Normal-1494.png,Normal
Normal-9399.png,Normal
Normal-742.png,Normal
Normal-7666.png,Normal
Normal-6672.png,Normal
Viral Pneumonia-313.png,Viral Pneumonia
Normal-6354.png,Normal
COVID-2831.png,COVID
COVID-1646.png,COVID
Normal-10046.png,Normal
Normal-3780.png,Normal
Viral Pneumonia-411.png,Viral Pneumonia
Normal-8277.png,Normal
Normal-5588.png,Normal
Normal-1060.png,Normal
COVID-2229.png,COVID
Normal-7305.png,Normal
Normal-4266.png,Normal
Normal-6624.png,Normal
Normal-9277.png,Normal
COVID-2691.png,COVID
COVID-174.png,COVID
Normal-6039.png,Normal
Viral Pneumonia-1159.png,Viral Pneumonia
Normal-5956.png,Normal
Normal-2763.png,Normal
Normal-5506.png,Normal
Normal-4813.png,Normal
COVID-3064.png,COVID
Normal-6207.png,Normal
Normal-6830.png,Normal
Viral Pneumonia-1322.png,Viral Pneumonia
COVID-1458.png,COVID
Normal-2391.png,Normal
Normal-514.png,Normal
Normal-5840.png,Normal
Normal-9285.png,Normal
Normal-1066.png,Normal
Normal-3942.png,Normal
Normal-2443.png,Normal
COVID-227.png,COVID
Normal-2815.png,Normal
COVID-3310.png,COVID
COVID-1828.png,COVID
Normal-1977.png,Normal
Normal-3951.png,Normal
Normal-6232.png,Normal
Normal-4918.png,Normal
Normal-1418.png,Normal
Normal-2670.png,Normal
Normal-5686.png,Normal
Normal-1336.png,Normal
Normal-7253.png,Normal
Normal-1984.png,Normal
Normal-9777.png,Normal
Normal-6620.png,Normal
Normal-5988.png,Normal
Normal-463.png,Normal
Viral Pneumonia-1275.png,Viral Pneumonia
Normal-7161.png,Normal
Normal-7734.png,Normal
Normal-7383.png,Normal
Normal-667.png,Normal
COVID-96.png,COVID
Normal-5218.png,Normal
Normal-366.png,Normal
Normal-2992.png,Normal
COVID-280.png,COVID
COVID-1210.png,COVID
COVID-239.png,COVID
Normal-5644.png,Normal
Normal-5021.png,Normal
COVID-2446.png,COVID
Normal-4992.png,Normal
Viral Pneumonia-1213.png,Viral Pneumonia
COVID-2202.png,COVID
Normal-8894.png,Normal
Normal-1437.png,Normal
Normal-3130.png,Normal
Normal-638.png,Normal
Normal-4887.png,Normal
Normal-10090.png,Normal
COVID-1167.png,COVID
Normal-9056.png,Normal
Normal-6562.png,Normal
Viral Pneumonia-648.png,Viral Pneumonia
Normal-7992.png,Normal
Normal-4142.png,Normal
Normal-194.png,Normal
Normal-2817.png,Normal
Normal-1987.png,Normal
Normal-3529.png,Normal
COVID-2693.png,COVID
Normal-2221.png,Normal
Normal-8299.png,Normal
COVID-956.png,COVID
Viral Pneumonia-104.png,Viral Pneumonia
Normal-5318.png,Normal
Normal-8739.png,Normal
Normal-4000.png,Normal
Viral Pneumonia-1285.png,Viral Pneumonia
Normal-3037.png,Normal
Normal-8773.png,Normal
COVID-3247.png,COVID
Viral Pneumonia-554.png,Viral Pneumonia
COVID-372.png,COVID
Normal-2516.png,Normal
Normal-8362.png,Normal
COVID-1280.png,COVID
COVID-1025.png,COVID
COVID-3037.png,COVID
COVID-3223.png,COVID
Normal-2012.png,Normal
Normal-192.png,Normal
Normal-867.png,Normal
Normal-2071.png,Normal
Normal-3789.png,Normal
Normal-5076.png,Normal
Normal-9333.png,Normal
COVID-3573.png,COVID
COVID-3559.png,COVID
Normal-9241.png,Normal
COVID-2657.png,COVID
Normal-8451.png,Normal
COVID-1131.png,COVID
Normal-3492.png,Normal
COVID-2451.png,COVID
COVID-2242.png,COVID
COVID-3120.png,COVID
Normal-7901.png,Normal
Normal-5617.png,Normal
Normal-5208.png,Normal
Normal-9820.png,Normal
COVID-2962.png,COVID
Normal-6536.png,Normal
COVID-2164.png,COVID
Normal-3119.png,Normal
Normal-3074.png,Normal
Normal-1129.png,Normal
Normal-9837.png,Normal
Normal-3643.png,Normal
Normal-1818.png,Normal
Normal-8152.png,Normal
COVID-792.png,COVID
Normal-10110.png,Normal
Normal-9928.png,Normal
COVID-1106.png,COVID
COVID-1140.png,COVID
Viral Pneumonia-344.png,Viral Pneumonia
Normal-6185.png,Normal
Viral Pneumonia-149.png,Viral Pneumonia
Normal-2978.png,Normal
Normal-9426.png,Normal
COVID-2508.png,COVID
Normal-6326.png,Normal
Viral Pneumonia-698.png,Viral Pneumonia
COVID-442.png,COVID
Normal-5897.png,Normal
Viral Pneumonia-252.png,Viral Pneumonia
COVID-2820.png,COVID
Normal-2606.png,Normal
COVID-2788.png,COVID
COVID-1730.png,COVID
Normal-153.png,Normal
COVID-3271.png,COVID
Normal-3642.png,Normal
Normal-3120.png,Normal
Normal-1214.png,Normal
Normal-5143.png,Normal
COVID-157.png,COVID
Viral Pneumonia-1019.png,Viral Pneumonia
Normal-8838.png,Normal
Normal-6513.png,Normal
COVID-739.png,COVID
Normal-6045.png,Normal
Normal-7410.png,Normal
COVID-2118.png,COVID
COVID-860.png,COVID
Normal-1752.png,Normal
Normal-9085.png,Normal
Normal-517.png,Normal
Normal-1489.png,Normal
Normal-5301.png,Normal
COVID-3025.png,COVID
Normal-437.png,Normal
Normal-3290.png,Normal
Normal-3785.png,Normal
Normal-684.png,Normal
Normal-5133.png,Normal
Viral Pneumonia-1257.png,Viral Pneumonia
Normal-1622.png,Normal
Normal-2753.png,Normal
Normal-6067.png,Normal
Normal-6677.png,Normal
COVID-3252.png,COVID
Normal-7356.png,Normal
Normal-7134.png,Normal
Normal-5774.png,Normal
Normal-9463.png,Normal
Normal-3624.png,Normal
Viral Pneumonia-112.png,Viral Pneumonia
Normal-5077.png,Normal
Normal-1319.png,Normal
COVID-1941.png,COVID
Normal-7524.png,Normal
Viral Pneumonia-300.png,Viral Pneumonia
Normal-3463.png,Normal
COVID-2653.png,COVID
Normal-1662.png,Normal
Normal-8686.png,Normal
Normal-555.png,Normal
Normal-8536.png,Normal
Normal-7774.png,Normal
Normal-9638.png,Normal
Normal-2819.png,Normal
Normal-2157.png,Normal
Normal-7862.png,Normal
Normal-9743.png,Normal
Normal-4180.png,Normal
Normal-5749.png,Normal
Normal-2664.png,Normal
Normal-9213.png,Normal
Normal-6890.png,Normal
Normal-9851.png,Normal
Normal-10136.png,Normal
Viral Pneumonia-556.png,Viral Pneumonia
Normal-643.png,Normal
COVID-2568.png,COVID
Normal-5205.png,Normal
Normal-2851.png,Normal
Normal-280.png,Normal
Normal-1775.png,Normal
Normal-1644.png,Normal
Normal-10030.png,Normal
Normal-8170.png,Normal
Normal-226.png,Normal
COVID-1597.png,COVID
Normal-6795.png,Normal
Normal-1677.png,Normal
Viral Pneumonia-162.png,Viral Pneumonia
Normal-3603.png,Normal
Normal-7623.png,Normal
Normal-4952.png,Normal
Normal-3217.png,Normal
Normal-8570.png,Normal
Normal-3666.png,Normal
Normal-521.png,Normal
Normal-4169.png,Normal
Normal-5189.png,Normal
Normal-2110.png,Normal
COVID-302.png,COVID
Normal-5007.png,Normal
Normal-8186.png,Normal
Normal-10153.png,Normal
Normal-2284.png,Normal
Normal-7626.png,Normal
Normal-6061.png,Normal
Normal-6198.png,Normal
COVID-2539.png,COVID
COVID-949.png,COVID
Normal-3319.png,Normal
Viral Pneumonia-1038.png,Viral Pneumonia
COVID-677.png,COVID
Normal-2345.png,Normal
Normal-6779.png,Normal
COVID-1066.png,COVID
COVID-261.png,COVID
Normal-3538.png,Normal
Normal-10109.png,Normal
Normal-9304.png,Normal
Normal-9758.png,Normal
Normal-3563.png,Normal
Normal-6540.png,Normal
Normal-7821.png,Normal
Normal-9433.png,Normal
Normal-7175.png,Normal
Normal-10125.png,Normal
Normal-7851.png,Normal
Normal-313.png,Normal
Normal-1464.png,Normal
Normal-591.png,Normal
Normal-972.png,Normal
Normal-2311.png,Normal
Normal-7256.png,Normal
Normal-2183.png,Normal
Normal-3291.png,Normal
Normal-7746.png,Normal
Normal-1925.png,Normal
COVID-2793.png,COVID
Normal-9473.png,Normal
Normal-8467.png,Normal
Normal-4686.png,Normal
COVID-780.png,COVID
COVID-1539.png,COVID
Normal-8586.png,Normal
Normal-5135.png,Normal
COVID-2386.png,COVID
COVID-329.png,COVID
Normal-7977.png,Normal
Normal-4168.png,Normal
Normal-9713.png,Normal
Normal-7007.png,Normal
COVID-2391.png,COVID
Normal-6994.png,Normal
Normal-8668.png,Normal
COVID-1833.png,COVID
Normal-669.png,Normal
Normal-4016.png,Normal
COVID-1581.png,COVID
Normal-2942.png,Normal
COVID-2219.png,COVID
Normal-9308.png,Normal
Normal-5423.png,Normal
Normal-1897.png,Normal
Viral Pneumonia-1174.png,Viral Pneumonia
Normal-5803.png,Normal
Normal-9854.png,Normal
Normal-3592.png,Normal
Normal-5900.png,Normal
Normal-936.png,Normal
Normal-7937.png,Normal
Normal-9569.png,Normal
COVID-597.png,COVID
Normal-2016.png,Normal
Normal-9658.png,Normal
Viral Pneumonia-1302.png,Viral Pneumonia
Viral Pneumonia-1216.png,Viral Pneumonia
COVID-1068.png,COVID
Normal-5153.png,Normal
COVID-1464.png,COVID
Normal-1323.png,Normal
Normal-1349.png,Normal
Normal-8126.png,Normal
Normal-6954.png,Normal
COVID-443.png,COVID
Normal-2801.png,Normal
COVID-1781.png,COVID
Normal-8077.png,Normal
Normal-6412.png,Normal
COVID-1475.png,COVID
Normal-5017.png,Normal
COVID-150.png,COVID
Normal-789.png,Normal
Viral Pneumonia-1003.png,Viral Pneumonia
COVID-666.png,COVID
Normal-697.png,Normal
Normal-252.png,Normal
Viral Pneumonia-986.png,Viral Pneumonia
COVID-2742.png,COVID
Normal-5086.png,Normal
COVID-795.png,COVID
Normal-7119.png,Normal
COVID-1731.png,COVID
Normal-79.png,Normal
Normal-1248.png,Normal
Normal-1963.png,Normal
Viral Pneumonia-1142.png,Viral Pneumonia
COVID-1771.png,COVID
COVID-2674.png,COVID
Normal-8295.png,Normal
Normal-3400.png,Normal
COVID-1141.png,COVID
Normal-3012.png,Normal
Normal-6688.png,Normal
Viral Pneumonia-759.png,Viral Pneumonia
COVID-1049.png,COVID
Normal-7514.png,Normal
Normal-1506.png,Normal
Normal-7112.png,Normal
Normal-312.png,Normal
Viral Pneumonia-1206.png,Viral Pneumonia
Normal-8385.png,Normal
Normal-1117.png,Normal
COVID-3441.png,COVID
Viral Pneumonia-111.png,Viral Pneumonia
COVID-292.png,COVID
Normal-3330.png,Normal
Viral Pneumonia-106.png,Viral Pneumonia
Normal-7020.png,Normal
Normal-9689.png,Normal
Normal-5836.png,Normal
Normal-9903.png,Normal
Normal-4310.png,Normal
Normal-7659.png,Normal
Normal-6790.png,Normal
COVID-1613.png,COVID
Normal-5767.png,Normal
Normal-1999.png,Normal
Normal-6241.png,Normal
Normal-933.png,Normal
COVID-3582.png,COVID
Normal-1606.png,Normal
Normal-6871.png,Normal
Normal-6294.png,Normal
Normal-2088.png,Normal
Normal-7940.png,Normal
Normal-8614.png,Normal
Normal-4594.png,Normal
Normal-7843.png,Normal
Normal-5958.png,Normal
Normal-7165.png,Normal
Normal-6277.png,Normal
Normal-2715.png,Normal
Normal-7736.png,Normal
Normal-9732.png,Normal
Viral Pneumonia-1263.png,Viral Pneumonia
COVID-304.png,COVID
Normal-10066.png,Normal
Normal-6632.png,Normal
COVID-978.png,COVID
COVID-411.png,COVID
Normal-242.png,Normal
Normal-5003.png,Normal
Viral Pneumonia-39.png,Viral Pneumonia
Normal-7694.png,Normal
Normal-7441.png,Normal
Viral Pneumonia-783.png,Viral Pneumonia
COVID-2148.png,COVID
Normal-2517.png,Normal
Normal-6662.png,Normal
Normal-5822.png,Normal
Normal-5721.png,Normal
Normal-7850.png,Normal
Normal-8814.png,Normal
Normal-129.png,Normal
Normal-3839.png,Normal
Normal-3934.png,Normal
Normal-9057.png,Normal
COVID-3306.png,COVID
Normal-2836.png,Normal
COVID-644.png,COVID
Normal-428.png,Normal
Normal-3201.png,Normal
Normal-10189.png,Normal
Viral Pneumonia-1197.png,Viral Pneumonia
Normal-4097.png,Normal
Normal-4213.png,Normal
Normal-7508.png,Normal
Normal-5998.png,Normal
COVID-2491.png,COVID
Normal-162.png,Normal
Normal-2741.png,Normal
COVID-1598.png,COVID
Normal-7368.png,Normal
Normal-2564.png,Normal
Normal-9600.png,Normal
Normal-9470.png,Normal
Normal-858.png,Normal
Normal-3224.png,Normal
Normal-6387.png,Normal
Viral Pneumonia-928.png,Viral Pneumonia
Viral Pneumonia-310.png,Viral Pneumonia
Normal-1851.png,Normal
Normal-4282.png,Normal
Normal-8612.png,Normal
Viral Pneumonia-479.png,Viral Pneumonia
Normal-5186.png,Normal
Normal-3370.png,Normal
COVID-484.png,COVID
Normal-271.png,Normal
COVID-2638.png,COVID
Normal-683.png,Normal
Normal-9199.png,Normal
COVID-1684.png,COVID
COVID-2257.png,COVID
Normal-6484.png,Normal
COVID-2077.png,COVID
Normal-3752.png,Normal
Normal-4182.png,Normal
Normal-7183.png,Normal
Normal-828.png,Normal
COVID-1558.png,COVID
Normal-4316.png,Normal
Normal-1122.png,Normal
COVID-94.png,COVID
Normal-9054.png,Normal
Normal-8464.png,Normal
COVID-381.png,COVID
Normal-2150.png,Normal
COVID-3606.png,COVID
Normal-3528.png,Normal
Normal-2877.png,Normal
COVID-1388.png,COVID
COVID-1143.png,COVID
COVID-1413.png,COVID
COVID-3218.png,COVID
Normal-5306.png,Normal
Normal-7323.png,Normal
Normal-3375.png,Normal
COVID-3305.png,COVID
Normal-1289.png,Normal
Normal-6641.png,Normal
Normal-1211.png,Normal
Normal-7023.png,Normal
Normal-5041.png,Normal
Normal-8881.png,Normal
COVID-894.png,COVID
Normal-9631.png,Normal
Normal-9007.png,Normal
Normal-1657.png,Normal
Normal-3066.png,Normal
Normal-2995.png,Normal
Normal-2019.png,Normal
Normal-5694.png,Normal
Normal-5834.png,Normal
COVID-3234.png,COVID
COVID-1678.png,COVID
Normal-2980.png,Normal
Viral Pneumonia-1303.png,Viral Pneumonia
COVID-2958.png,COVID
Normal-8533.png,Normal
COVID-2223.png,COVID
Normal-5312.png,Normal
Normal-3024.png,Normal
Normal-504.png,Normal
Normal-8409.png,Normal
Normal-4203.png,Normal
COVID-3502.png,COVID
Normal-7247.png,Normal
Normal-5015.png,Normal
COVID-107.png,COVID
Normal-1252.png,Normal
Normal-899.png,Normal
Normal-2484.png,Normal
Normal-6776.png,Normal
Normal-8181.png,Normal
Normal-645.png,Normal
Normal-8823.png,Normal
Viral Pneumonia-820.png,Viral Pneumonia
Normal-9091.png,Normal
Normal-5128.png,Normal
Normal-10012.png,Normal
Normal-4783.png,Normal
Normal-9019.png,Normal
COVID-3376.png,COVID
Viral Pneumonia-1261.png,Viral Pneumonia
COVID-1040.png,COVID
Normal-6442.png,Normal
Normal-8829.png,Normal
COVID-2711.png,COVID
Normal-4883.png,Normal
Normal-6640.png,Normal
Normal-7015.png,Normal
COVID-1586.png,COVID
Normal-3452.png,Normal
COVID-2877.png,COVID
Normal-8635.png,Normal
COVID-104.png,COVID
Normal-2845.png,Normal
Normal-999.png,Normal
Normal-6370.png,Normal
Normal-9997.png,Normal
COVID-483.png,COVID
Normal-4420.png,Normal
Normal-6621.png,Normal
Normal-3833.png,Normal
COVID-2277.png,COVID
COVID-1215.png,COVID
Normal-8930.png,Normal
COVID-307.png,COVID
COVID-3286.png,COVID
COVID-3330.png,COVID
Normal-5756.png,Normal
Normal-5931.png,Normal
Normal-863.png,Normal
Normal-9177.png,Normal
Normal-7602.png,Normal
Normal-1640.png,Normal
Viral Pneumonia-138.png,Viral Pneumonia
Normal-9770.png,Normal
COVID-1412.png,COVID
Normal-3405.png,Normal
Normal-7058.png,Normal
COVID-1256.png,COVID
Normal-2371.png,Normal
Viral Pneumonia-979.png,Viral Pneumonia
Normal-6120.png,Normal
Normal-334.png,Normal
Normal-5963.png,Normal
COVID-170.png,COVID
Viral Pneumonia-1305.png,Viral Pneumonia
Normal-1678.png,Normal
COVID-322.png,COVID
Normal-6765.png,Normal
Normal-4509.png,Normal
COVID-565.png,COVID
Normal-2155.png,Normal
COVID-3367.png,COVID
Viral Pneumonia-1205.png,Viral Pneumonia
COVID-785.png,COVID
Normal-8022.png,Normal
Normal-2386.png,Normal
Normal-5929.png,Normal
Normal-1566.png,Normal
Normal-8471.png,Normal
Normal-1015.png,Normal
Normal-8845.png,Normal
COVID-1192.png,COVID
Viral Pneumonia-32.png,Viral Pneumonia
COVID-2157.png,COVID
Normal-8185.png,Normal
COVID-3491.png,COVID
Normal-654.png,Normal
COVID-2090.png,COVID
COVID-3355.png,COVID
Normal-3655.png,Normal
Normal-6146.png,Normal
Normal-2279.png,Normal
COVID-1762.png,COVID
COVID-995.png,COVID
Normal-1583.png,Normal
Viral Pneumonia-705.png,Viral Pneumonia
Normal-5637.png,Normal
COVID-2680.png,COVID
Normal-9799.png,Normal
COVID-2751.png,COVID
Viral Pneumonia-563.png,Viral Pneumonia
Normal-7655.png,Normal
Normal-8036.png,Normal
Viral Pneumonia-86.png,Viral Pneumonia
Normal-7741.png,Normal
Normal-2707.png,Normal
Normal-1235.png,Normal
Normal-9344.png,Normal
Normal-7094.png,Normal
Viral Pneumonia-264.png,Viral Pneumonia
Normal-8237.png,Normal
Normal-4179.png,Normal
COVID-3135.png,COVID
Normal-4723.png,Normal
Normal-8001.png,Normal
Normal-5431.png,Normal
COVID-3349.png,COVID
Viral Pneumonia-1044.png,Viral Pneumonia
COVID-1534.png,COVID
Normal-4663.png,Normal
Normal-8603.png,Normal
Normal-1508.png,Normal
Normal-496.png,Normal
COVID-903.png,COVID
Normal-10003.png,Normal
Normal-9551.png,Normal
Normal-8027.png,Normal
COVID-161.png,COVID
Normal-8836.png,Normal
Viral Pneumonia-303.png,Viral Pneumonia
Normal-10022.png,Normal
Normal-2702.png,Normal
Normal-3708.png,Normal
COVID-1724.png,COVID
Normal-7496.png,Normal
Normal-3473.png,Normal
Normal-9024.png,Normal
Normal-3820.png,Normal
Normal-7811.png,Normal
COVID-823.png,COVID
Normal-3562.png,Normal
Viral Pneumonia-1054.png,Viral Pneumonia
COVID-1823.png,COVID
Normal-4915.png,Normal
Normal-5393.png,Normal
Normal-7526.png,Normal
Normal-2561.png,Normal
Normal-10020.png,Normal
Normal-3828.png,Normal
Normal-5121.png,Normal
Normal-6384.png,Normal
Normal-5286.png,Normal
COVID-413.png,COVID
COVID-3.png,COVID
Viral Pneumonia-508.png,Viral Pneumonia
COVID-1430.png,COVID
COVID-1661.png,COVID
Normal-5417.png,Normal
Viral Pneumonia-232.png,Viral Pneumonia
COVID-8.png,COVID
Normal-6289.png,Normal
Normal-8625.png,Normal
Normal-5032.png,Normal
Normal-6878.png,Normal
Normal-6296.png,Normal
Normal-2542.png,Normal
COVID-1382.png,COVID
COVID-1113.png,COVID
Normal-6104.png,Normal
Normal-2056.png,Normal
Normal-2765.png,Normal
COVID-966.png,COVID
Normal-1166.png,Normal
Viral Pneumonia-978.png,Viral Pneumonia
COVID-2632.png,COVID
COVID-2949.png,COVID
Normal-1242.png,Normal
COVID-131.png,COVID
COVID-148.png,COVID
Normal-3663.png,Normal
Normal-47.png,Normal
Normal-3571.png,Normal
COVID-338.png,COVID
Viral Pneumonia-438.png,Viral Pneumonia
Normal-1786.png,Normal
Normal-9907.png,Normal
Normal-2873.png,Normal
COVID-1839.png,COVID
Normal-2733.png,Normal
Normal-8659.png,Normal
Normal-3888.png,Normal
Normal-4778.png,Normal
COVID-2594.png,COVID
Normal-6364.png,Normal
COVID-473.png,COVID
COVID-362.png,COVID
Normal-164.png,Normal
Normal-49.png,Normal
Normal-2854.png,Normal
Normal-6881.png,Normal
Normal-9370.png,Normal
Normal-2293.png,Normal
Normal-7982.png,Normal
Normal-7511.png,Normal
COVID-596.png,COVID
Normal-2405.png,Normal
Normal-2881.png,Normal
Normal-9469.png,Normal
Normal-2691.png,Normal
Normal-6226.png,Normal
Normal-2568.png,Normal
COVID-1511.png,COVID
Normal-1486.png,Normal
Normal-8143.png,Normal
Normal-1208.png,Normal
COVID-2916.png,COVID
COVID-2390.png,COVID
COVID-3164.png,COVID
Normal-5947.png,Normal
COVID-2088.png,COVID
Normal-5487.png,Normal
COVID-519.png,COVID
COVID-336.png,COVID
Normal-1732.png,Normal
COVID-2941.png,COVID
Viral Pneumonia-766.png,Viral Pneumonia
Normal-5369.png,Normal
COVID-1729.png,COVID
COVID-1758.png,COVID
COVID-371.png,COVID
Viral Pneumonia-992.png,Viral Pneumonia
Normal-3050.png,Normal
Viral Pneumonia-228.png,Viral Pneumonia
Viral Pneumonia-550.png,Viral Pneumonia
Normal-1660.png,Normal
COVID-289.png,COVID
Normal-7043.png,Normal
Normal-4113.png,Normal
Normal-4106.png,Normal
Normal-7968.png,Normal
COVID-417.png,COVID
Viral Pneumonia-951.png,Viral Pneumonia
Viral Pneumonia-1093.png,Viral Pneumonia
COVID-3290.png,COVID
COVID-892.png,COVID
Normal-1145.png,Normal
Normal-5123.png,Normal
Normal-9511.png,Normal
Normal-8234.png,Normal
COVID-950.png,COVID
Viral Pneumonia-164.png,Viral Pneumonia
COVID-2666.png,COVID
Normal-1679.png,Normal
Normal-6038.png,Normal
Normal-3157.png,Normal
Normal-8125.png,Normal
Normal-5590.png,Normal
Normal-5356.png,Normal
COVID-552.png,COVID
Normal-8948.png,Normal
Normal-4478.png,Normal
Normal-930.png,Normal
Normal-670.png,Normal
Viral Pneumonia-1316.png,Viral Pneumonia
Normal-7918.png,Normal
COVID-1290.png,COVID
COVID-2074.png,COVID
Normal-735.png,Normal
Viral Pneumonia-1253.png,Viral Pneumonia
Normal-3471.png,Normal
Normal-4669.png,Normal
Normal-9926.png,Normal
COVID-3089.png,COVID
COVID-2288.png,COVID
Normal-344.png,Normal
Normal-6729.png,Normal
Normal-8442.png,Normal
Normal-7167.png,Normal
Normal-5802.png,Normal
Viral Pneumonia-1319.png,Viral Pneumonia
Normal-2084.png,Normal
Normal-5421.png,Normal
Normal-3491.png,Normal
Normal-4060.png,Normal
Normal-5342.png,Normal
Normal-5157.png,Normal
Normal-8144.png,Normal
Normal-2229.png,Normal
Normal-3485.png,Normal
Normal-4575.png,Normal
COVID-1659.png,COVID
COVID-3548.png,COVID
Viral Pneumonia-525.png,Viral Pneumonia
Normal-248.png,Normal
Normal-9005.png,Normal
Normal-4700.png,Normal
Normal-235.png,Normal
Viral Pneumonia-454.png,Viral Pneumonia
Normal-6195.png,Normal
COVID-412.png,COVID
Normal-5410.png,Normal
Viral Pneumonia-1268.png,Viral Pneumonia
Normal-5716.png,Normal
Normal-2934.png,Normal
Normal-9472.png,Normal
COVID-2176.png,COVID
COVID-619.png,COVID
COVID-2438.png,COVID
Normal-7078.png,Normal
Normal-284.png,Normal
COVID-3362.png,COVID
Viral Pneumonia-423.png,Viral Pneumonia
Normal-457.png,Normal
COVID-2312.png,COVID
Normal-5906.png,Normal
Normal-8069.png,Normal
COVID-2910.png,COVID
Normal-8957.png,Normal
COVID-3225.png,COVID
Normal-8648.png,Normal
Normal-6269.png,Normal
Normal-1651.png,Normal
Normal-1362.png,Normal
Normal-3036.png,Normal
Viral Pneumonia-720.png,Viral Pneumonia
COVID-3008.png,COVID
Normal-4512.png,Normal
Normal-8886.png,Normal
Normal-2262.png,Normal
COVID-1228.png,COVID
Normal-5805.png,Normal
Normal-8251.png,Normal
Normal-465.png,Normal
Viral Pneumonia-630.png,Viral Pneumonia
Normal-9174.png,Normal
COVID-1939.png,COVID
Normal-1842.png,Normal
Normal-8072.png,Normal
Normal-5504.png,Normal
Normal-3062.png,Normal
COVID-2904.png,COVID
Normal-660.png,Normal
Normal-2436.png,Normal
COVID-1314.png,COVID
COVID-3063.png,COVID
Normal-1545.png,Normal
COVID-845.png,COVID
Normal-9206.png,Normal
Normal-2858.png,Normal
Normal-10098.png,Normal
Normal-4415.png,Normal
Viral Pneumonia-105.png,Viral Pneumonia
COVID-18.png,COVID
COVID-713.png,COVID
Normal-6228.png,Normal
COVID-90.png,COVID
COVID-2241.png,COVID
Normal-4061.png,Normal
Normal-2159.png,Normal
Normal-247.png,Normal
Normal-8286.png,Normal
Normal-8920.png,Normal
Normal-2165.png,Normal
Viral Pneumonia-397.png,Viral Pneumonia
Normal-2876.png,Normal
Normal-2626.png,Normal
Normal-3112.png,Normal
Normal-4001.png,Normal
Normal-7030.png,Normal
Normal-5044.png,Normal
Normal-7504.png,Normal
Normal-6638.png,Normal
Normal-4245.png,Normal
Normal-7892.png,Normal
Normal-4746.png,Normal
Viral Pneumonia-1005.png,Viral Pneumonia
COVID-3211.png,COVID
Viral Pneumonia-1191.png,Viral Pneumonia
Normal-5677.png,Normal
Viral Pneumonia-12.png,Viral Pneumonia
Normal-7242.png,Normal
COVID-1398.png,COVID
COVID-244.png,COVID
COVID-114.png,COVID
Normal-9208.png,Normal
Viral Pneumonia-654.png,Viral Pneumonia
COVID-128.png,COVID
Normal-3167.png,Normal
Normal-7495.png,Normal
Normal-4975.png,Normal
Normal-6995.png,Normal
COVID-1429.png,COVID
COVID-19.png,COVID
Normal-6541.png,Normal
Normal-6558.png,Normal
COVID-2812.png,COVID
Normal-4467.png,Normal
Normal-161.png,Normal
Normal-3484.png,Normal
Normal-5626.png,Normal
Normal-7642.png,Normal
COVID-3508.png,COVID
COVID-65.png,COVID
Normal-10018.png,Normal
Normal-233.png,Normal
Normal-7084.png,Normal
Normal-1292.png,Normal
Normal-2623.png,Normal
Normal-4086.png,Normal
Normal-3557.png,Normal
COVID-2326.png,COVID
COVID-1662.png,COVID
Normal-8220.png,Normal
Normal-9771.png,Normal
Viral Pneumonia-247.png,Viral Pneumonia
Normal-5561.png,Normal
COVID-844.png,COVID
Normal-9983.png,Normal
Normal-3504.png,Normal
Normal-2952.png,Normal
Normal-2346.png,Normal
Normal-116.png,Normal
Viral Pneumonia-998.png,Viral Pneumonia
Normal-6016.png,Normal
Viral Pneumonia-809.png,Viral Pneumonia
COVID-616.png,COVID
Normal-7122.png,Normal
Normal-7665.png,Normal
Normal-8510.png,Normal
COVID-2914.png,COVID
Normal-3635.png,Normal
Normal-4537.png,Normal
Normal-6319.png,Normal
Normal-9255.png,Normal
Normal-4268.png,Normal
Normal-1797.png,Normal
COVID-1206.png,COVID
COVID-3226.png,COVID
COVID-401.png,COVID
COVID-3323.png,COVID
Normal-1472.png,Normal
Normal-782.png,Normal
Normal-2025.png,Normal
COVID-1636.png,COVID
Normal-7866.png,Normal
Normal-2775.png,Normal
Normal-100.png,Normal
Normal-4837.png,Normal
Normal-3474.png,Normal
Normal-1510.png,Normal
COVID-769.png,COVID
COVID-2688.png,COVID
Normal-7613.png,Normal
Normal-8895.png,Normal
COVID-2328.png,COVID
Normal-7316.png,Normal
Normal-7338.png,Normal
Viral Pneumonia-1262.png,Viral Pneumonia
Normal-9561.png,Normal
Viral Pneumonia-283.png,Viral Pneumonia
Normal-1614.png,Normal
Normal-3098.png,Normal
COVID-858.png,COVID
Viral Pneumonia-172.png,Viral Pneumonia
Normal-7513.png,Normal
COVID-885.png,COVID
Viral Pneumonia-638.png,Viral Pneumonia
COVID-2432.png,COVID
Normal-8288.png,Normal
Normal-1139.png,Normal
Normal-1021.png,Normal
Viral Pneumonia-1043.png,Viral Pneumonia
Normal-4489.png,Normal
Normal-2508.png,Normal
COVID-1726.png,COVID
Normal-9111.png,Normal
Normal-7617.png,Normal
Normal-4445.png,Normal
Normal-8360.png,Normal
Normal-4634.png,Normal
COVID-282.png,COVID
Viral Pneumonia-768.png,Viral Pneumonia
Normal-7556.png,Normal
Normal-3960.png,Normal
Normal-6893.png,Normal
Normal-2093.png,Normal
Normal-2413.png,Normal
COVID-1415.png,COVID
Normal-3382.png,Normal
COVID-2794.png,COVID
Viral Pneumonia-501.png,Viral Pneumonia
COVID-1546.png,COVID
Viral Pneumonia-974.png,Viral Pneumonia
Normal-10073.png,Normal
Normal-6596.png,Normal
Normal-4936.png,Normal
Normal-3148.png,Normal
Normal-5909.png,Normal
Normal-6315.png,Normal
Normal-1463.png,Normal
Normal-1950.png,Normal
Normal-6069.png,Normal
Normal-1527.png,Normal
Viral Pneumonia-893.png,Viral Pneumonia
Normal-10039.png,Normal
Normal-10088.png,Normal
Normal-4301.png,Normal
Normal-3206.png,Normal
Normal-3432.png,Normal
COVID-2909.png,COVID
Normal-7766.png,Normal
Normal-6524.png,Normal
COVID-1062.png,COVID
Normal-7587.png,Normal
Normal-7209.png,Normal
Normal-1891.png,Normal
Viral Pneumonia-671.png,Viral Pneumonia
Normal-6284.png,Normal
COVID-1872.png,COVID
Normal-8396.png,Normal
Normal-4868.png,Normal
Normal-4616.png,Normal
Normal-8961.png,Normal
Viral Pneumonia-505.png,Viral Pneumonia
Normal-2242.png,Normal
Normal-1998.png,Normal
Normal-2164.png,Normal
Normal-2274.png,Normal
Viral Pneumonia-169.png,Viral Pneumonia
COVID-1399.png,COVID
Viral Pneumonia-1117.png,Viral Pneumonia
Normal-7813.png,Normal
Normal-8338.png,Normal
COVID-1870.png,COVID
Normal-3091.png,Normal
Normal-6593.png,Normal
Viral Pneumonia-115.png,Viral Pneumonia
COVID-151.png,COVID
Normal-8178.png,Normal
Normal-10131.png,Normal
Normal-1649.png,Normal
Normal-10016.png,Normal
Normal-6248.png,Normal
Normal-8180.png,Normal
Normal-5246.png,Normal
Normal-794.png,Normal
COVID-488.png,COVID
COVID-1891.png,COVID
Normal-4211.png,Normal
COVID-2596.png,COVID
Viral Pneumonia-316.png,Viral Pneumonia
Normal-7719.png,Normal
Normal-213.png,Normal
Normal-4438.png,Normal
COVID-3455.png,COVID
Normal-5962.png,Normal
Normal-8725.png,Normal
Normal-5249.png,Normal
Normal-3355.png,Normal
Normal-2563.png,Normal
COVID-263.png,COVID
COVID-1509.png,COVID
COVID-684.png,COVID
Normal-1333.png,Normal
Viral Pneumonia-1217.png,Viral Pneumonia
COVID-2544.png,COVID
Normal-5164.png,Normal
COVID-489.png,COVID
Normal-973.png,Normal
Normal-6685.png,Normal
COVID-1983.png,COVID
Viral Pneumonia-1045.png,Viral Pneumonia
Normal-5237.png,Normal
Normal-2004.png,Normal
Normal-9146.png,Normal
Normal-3930.png,Normal
Normal-7913.png,Normal
Normal-1699.png,Normal
Normal-4218.png,Normal
Normal-1058.png,Normal
Normal-1559.png,Normal
COVID-3098.png,COVID
Normal-5190.png,Normal
Normal-2842.png,Normal
Normal-652.png,Normal
Normal-7361.png,Normal
Normal-2896.png,Normal
Viral Pneumonia-103.png,Viral Pneumonia
Normal-8203.png,Normal
COVID-2781.png,COVID
Normal-7451.png,Normal
COVID-3581.png,COVID
Normal-1371.png,Normal
Normal-4223.png,Normal
Normal-5983.png,Normal
Normal-4792.png,Normal
Normal-1576.png,Normal
Normal-2585.png,Normal
Normal-4275.png,Normal
Normal-2184.png,Normal
Normal-3672.png,Normal
Normal-7872.png,Normal
Normal-2407.png,Normal
Normal-9256.png,Normal
Normal-1401.png,Normal
Normal-5503.png,Normal
Normal-5466.png,Normal
COVID-2517.png,COVID
Normal-3816.png,Normal
Normal-9431.png,Normal
Normal-4103.png,Normal
Normal-7932.png,Normal
Normal-2810.png,Normal
Normal-7718.png,Normal
Normal-9028.png,Normal
COVID-1394.png,COVID
Normal-3654.png,Normal
Normal-6744.png,Normal
Normal-5433.png,Normal
Normal-8148.png,Normal
COVID-3392.png,COVID
Normal-9167.png,Normal
Normal-4392.png,Normal
COVID-526.png,COVID
Normal-418.png,Normal
Viral Pneumonia-414.png,Viral Pneumonia
COVID-103.png,COVID
Normal-4317.png,Normal
Normal-7662.png,Normal
Normal-7793.png,Normal
Normal-5898.png,Normal
Normal-7712.png,Normal
COVID-457.png,COVID
Normal-8900.png,Normal
Normal-9414.png,Normal
Normal-8563.png,Normal
COVID-225.png,COVID
Normal-3709.png,Normal
COVID-2750.png,COVID
Normal-9665.png,Normal
Normal-8967.png,Normal
Normal-841.png,Normal
Normal-9137.png,Normal
Normal-5113.png,Normal
Normal-8081.png,Normal
Viral Pneumonia-117.png,Viral Pneumonia
Normal-8061.png,Normal
Normal-3670.png,Normal
COVID-2007.png,COVID
Normal-8480.png,Normal
Normal-5693.png,Normal
Normal-6887.png,Normal
Normal-6674.png,Normal
Normal-7071.png,Normal
Normal-6660.png,Normal
Normal-3322.png,Normal
Viral Pneumonia-792.png,Viral Pneumonia
Normal-3489.png,Normal
Normal-6243.png,Normal
COVID-958.png,COVID
Normal-3019.png,Normal
COVID-1262.png,COVID
Normal-6160.png,Normal
Normal-9793.png,Normal
Normal-5418.png,Normal
Normal-487.png,Normal
Normal-2655.png,Normal
Normal-9018.png,Normal
COVID-1817.png,COVID
COVID-3094.png,COVID
Normal-5484.png,Normal
Normal-6520.png,Normal
Normal-3305.png,Normal
Normal-2310.png,Normal
Normal-1273.png,Normal
Normal-7758.png,Normal
COVID-1986.png,COVID
Viral Pneumonia-516.png,Viral Pneumonia
Normal-7002.png,Normal
COVID-514.png,COVID
Normal-1652.png,Normal
COVID-172.png,COVID
Normal-6670.png,Normal
Normal-6238.png,Normal
COVID-2113.png,COVID
Normal-4631.png,Normal
Normal-3600.png,Normal
Normal-2410.png,Normal
Normal-5614.png,Normal
COVID-3369.png,COVID
Viral Pneumonia-812.png,Viral Pneumonia
Normal-6714.png,Normal
COVID-2684.png,COVID
COVID-1752.png,COVID
Normal-9109.png,Normal
Normal-7144.png,Normal
Normal-9064.png,Normal
Viral Pneumonia-919.png,Viral Pneumonia
Normal-5252.png,Normal
COVID-3401.png,COVID
Normal-1442.png,Normal
Normal-1266.png,Normal
COVID-3537.png,COVID
Normal-7173.png,Normal
Normal-447.png,Normal
Normal-7769.png,Normal
Normal-8472.png,Normal
Normal-3867.png,Normal
Normal-4093.png,Normal
Normal-6052.png,Normal
Normal-2716.png,Normal
Normal-8871.png,Normal
Viral Pneumonia-235.png,Viral Pneumonia
Normal-5715.png,Normal
Normal-6742.png,Normal
COVID-394.png,COVID
Viral Pneumonia-427.png,Viral Pneumonia
Normal-8138.png,Normal
Viral Pneumonia-707.png,Viral Pneumonia
COVID-601.png,COVID
COVID-1148.png,COVID
Normal-3054.png,Normal
COVID-3202.png,COVID
Normal-4495.png,Normal
Normal-9784.png,Normal
COVID-880.png,COVID
Normal-4976.png,Normal
Normal-4829.png,Normal
COVID-3203.png,COVID
Normal-5103.png,Normal
COVID-132.png,COVID
Normal-64.png,Normal
Viral Pneumonia-434.png,Viral Pneumonia
Normal-8841.png,Normal
COVID-3125.png,COVID
Normal-8093.png,Normal
Normal-6991.png,Normal
COVID-389.png,COVID
Normal-5775.png,Normal
Normal-7248.png,Normal
Normal-2705.png,Normal
Normal-9088.png,Normal
Normal-1090.png,Normal
COVID-1052.png,COVID
Normal-4601.png,Normal
Normal-6001.png,Normal
Normal-4083.png,Normal
Normal-4567.png,Normal
Normal-6399.png,Normal
COVID-1489.png,COVID
Viral Pneumonia-1219.png,Viral Pneumonia
Normal-9709.png,Normal
Normal-7432.png,Normal
Normal-4866.png,Normal
Normal-4306.png,Normal
COVID-1058.png,COVID
Normal-6902.png,Normal
Normal-4705.png,Normal
COVID-1074.png,COVID
Normal-9776.png,Normal
Normal-3104.png,Normal
Normal-5378.png,Normal
Normal-6193.png,Normal
Viral Pneumonia-227.png,Viral Pneumonia
Normal-6000.png,Normal
Normal-5873.png,Normal
Normal-5870.png,Normal
Normal-6900.png,Normal
COVID-2441.png,COVID
COVID-1080.png,COVID
Normal-6938.png,Normal
Normal-4096.png,Normal
Viral Pneumonia-1164.png,Viral Pneumonia
Normal-4560.png,Normal
Normal-350.png,Normal
Normal-4899.png,Normal
COVID-623.png,COVID
Normal-7052.png,Normal
Normal-338.png,Normal
Viral Pneumonia-1079.png,Viral Pneumonia
Normal-1715.png,Normal
Normal-401.png,Normal
COVID-133.png,COVID
COVID-1027.png,COVID
Normal-6369.png,Normal
Normal-7346.png,Normal
Normal-2629.png,Normal
Normal-7424.png,Normal
Normal-7650.png,Normal
Normal-5565.png,Normal
COVID-2950.png,COVID
COVID-3151.png,COVID
Normal-2591.png,Normal
Normal-8431.png,Normal
Normal-8643.png,Normal
COVID-347.png,COVID
COVID-3564.png,COVID
Normal-6707.png,Normal
COVID-2429.png,COVID
Normal-8531.png,Normal
Normal-9582.png,Normal
Normal-9896.png,Normal
Normal-9861.png,Normal
Normal-2979.png,Normal
Normal-8264.png,Normal
Viral Pneumonia-1084.png,Viral Pneumonia
Normal-622.png,Normal
Normal-9225.png,Normal
COVID-42.png,COVID
Normal-9553.png,Normal
Normal-6327.png,Normal
Normal-4740.png,Normal
COVID-3596.png,COVID
Normal-4695.png,Normal
Normal-9357.png,Normal
Normal-9964.png,Normal
Normal-8039.png,Normal
COVID-1759.png,COVID
Normal-4784.png,Normal
Normal-3477.png,Normal
COVID-194.png,COVID
Normal-5631.png,Normal
Normal-848.png,Normal
Normal-7185.png,Normal
Normal-649.png,Normal
COVID-3451.png,COVID
Normal-8440.png,Normal
Normal-375.png,Normal
COVID-2071.png,COVID
Normal-9244.png,Normal
Normal-4922.png,Normal
Normal-5155.png,Normal
COVID-740.png,COVID
Viral Pneumonia-739.png,Viral Pneumonia
COVID-3544.png,COVID
Normal-9211.png,Normal
Normal-1271.png,Normal
Viral Pneumonia-1010.png,Viral Pneumonia
COVID-1168.png,COVID
COVID-3134.png,COVID
Normal-4441.png,Normal
Normal-2379.png,Normal
Normal-6295.png,Normal
COVID-2442.png,COVID
Viral Pneumonia-369.png,Viral Pneumonia
Viral Pneumonia-787.png,Viral Pneumonia
COVID-2488.png,COVID
Normal-9083.png,Normal
Viral Pneumonia-573.png,Viral Pneumonia
Normal-7600.png,Normal
Normal-3978.png,Normal
Normal-9355.png,Normal
Normal-9075.png,Normal
Normal-3456.png,Normal
Viral Pneumonia-269.png,Viral Pneumonia
Normal-91.png,Normal
COVID-1401.png,COVID
Normal-8218.png,Normal
Normal-7075.png,Normal
Normal-419.png,Normal
Normal-2188.png,Normal
Viral Pneumonia-213.png,Viral Pneumonia
Normal-5675.png,Normal
Normal-3004.png,Normal
COVID-3240.png,COVID
Normal-8225.png,Normal
COVID-3265.png,COVID
Normal-9063.png,Normal
COVID-1452.png,COVID
Normal-4547.png,Normal
Normal-3932.png,Normal
COVID-3116.png,COVID
Normal-6604.png,Normal
Normal-4940.png,Normal
COVID-1809.png,COVID
Normal-6325.png,Normal
Normal-1503.png,Normal
Normal-4744.png,Normal
Normal-2209.png,Normal
COVID-3062.png,COVID
Normal-2633.png,Normal
COVID-906.png,COVID
Normal-3855.png,Normal
COVID-2922.png,COVID
Normal-7697.png,Normal
Viral Pneumonia-619.png,Viral Pneumonia
COVID-755.png,COVID
Normal-6357.png,Normal
Normal-3379.png,Normal
Normal-9533.png,Normal
Normal-1607.png,Normal
COVID-997.png,COVID
Normal-3588.png,Normal
Normal-8428.png,Normal
Normal-3001.png,Normal
COVID-3406.png,COVID
Normal-3186.png,Normal
Normal-2712.png,Normal
Normal-6449.png,Normal
Normal-1767.png,Normal
Normal-8029.png,Normal
Normal-3247.png,Normal
Normal-1937.png,Normal
Normal-1244.png,Normal
COVID-3170.png,COVID
Normal-4360.png,Normal
COVID-1457.png,COVID
Normal-2167.png,Normal
Normal-3765.png,Normal
Viral Pneumonia-879.png,Viral Pneumonia
COVID-1161.png,COVID
Normal-4962.png,Normal
COVID-1979.png,COVID
Normal-234.png,Normal
COVID-1126.png,COVID
Normal-3958.png,Normal
COVID-2402.png,COVID
Normal-7705.png,Normal
Normal-9460.png,Normal
Normal-8287.png,Normal
Normal-2700.png,Normal
COVID-3119.png,COVID
Normal-1130.png,Normal
Viral Pneumonia-687.png,Viral Pneumonia
COVID-2215.png,COVID
Normal-8492.png,Normal
Normal-8019.png,Normal
Normal-9009.png,Normal
Normal-2983.png,Normal
Normal-1980.png,Normal
Normal-8618.png,Normal
Normal-8840.png,Normal
Normal-6997.png,Normal
Normal-3281.png,Normal
COVID-2057.png,COVID
Normal-3207.png,Normal
Normal-1062.png,Normal
Normal-1316.png,Normal
Normal-4.png,Normal
Normal-9798.png,Normal
Normal-386.png,Normal
Normal-7767.png,Normal
Viral Pneumonia-1201.png,Viral Pneumonia
Viral Pneumonia-178.png,Viral Pneumonia
Normal-2744.png,Normal
COVID-2641.png,COVID
Normal-1378.png,Normal
Normal-2064.png,Normal
Normal-1902.png,Normal
Normal-9010.png,Normal
Viral Pneumonia-209.png,Viral Pneumonia
Normal-849.png,Normal
Normal-4604.png,Normal
COVID-1480.png,COVID
COVID-3057.png,COVID
Normal-1690.png,Normal
Normal-5650.png,Normal
Viral Pneumonia-656.png,Viral Pneumonia
Normal-6806.png,Normal
COVID-3433.png,COVID
Normal-6430.png,Normal
Normal-8424.png,Normal
Normal-6519.png,Normal
Normal-8291.png,Normal
Normal-7435.png,Normal
Normal-107.png,Normal
Normal-9148.png,Normal
Normal-4752.png,Normal
Normal-6183.png,Normal
Viral Pneumonia-1231.png,Viral Pneumonia
COVID-1011.png,COVID
Normal-2062.png,Normal
Normal-7581.png,Normal
Normal-4491.png,Normal
Normal-5781.png,Normal
Normal-3775.png,Normal
COVID-3136.png,COVID
Normal-7177.png,Normal
Normal-10050.png,Normal
Normal-4312.png,Normal
Normal-240.png,Normal
Normal-1805.png,Normal
Normal-5535.png,Normal
Normal-5564.png,Normal
Normal-1025.png,Normal
Normal-9612.png,Normal
Viral Pneumonia-858.png,Viral Pneumonia
Normal-9624.png,Normal
Normal-5031.png,Normal
Normal-1175.png,Normal
COVID-467.png,COVID
Viral Pneumonia-608.png,Viral Pneumonia
Normal-4087.png,Normal
Viral Pneumonia-938.png,Viral Pneumonia
Normal-3659.png,Normal
Normal-4416.png,Normal
COVID-1297.png,COVID
COVID-2888.png,COVID
Normal-4724.png,Normal
Normal-3422.png,Normal
Normal-640.png,Normal
Normal-10.png,Normal
Normal-2929.png,Normal
Normal-337.png,Normal
Normal-7598.png,Normal
Normal-6408.png,Normal
Normal-8633.png,Normal
COVID-2203.png,COVID
Viral Pneumonia-719.png,Viral Pneumonia
Normal-7093.png,Normal
Viral Pneumonia-41.png,Viral Pneumonia
Normal-6336.png,Normal
Normal-8555.png,Normal
Normal-6560.png,Normal
Normal-5200.png,Normal
Normal-9520.png,Normal
COVID-720.png,COVID
Normal-413.png,Normal
Normal-7558.png,Normal
Normal-3204.png,Normal
Normal-3214.png,Normal
Normal-1638.png,Normal
COVID-3516.png,COVID
COVID-441.png,COVID
Normal-4037.png,Normal
Normal-4476.png,Normal
Normal-914.png,Normal
Viral Pneumonia-545.png,Viral Pneumonia
Normal-9025.png,Normal
Normal-5053.png,Normal
Viral Pneumonia-460.png,Viral Pneumonia
Normal-4913.png,Normal
Normal-4482.png,Normal
COVID-2988.png,COVID
Normal-6119.png,Normal
Normal-3617.png,Normal
COVID-2342.png,COVID
Viral Pneumonia-605.png,Viral Pneumonia
COVID-612.png,COVID
Normal-250.png,Normal
Normal-8905.png,Normal
Normal-1913.png,Normal
Normal-730.png,Normal
COVID-650.png,COVID
COVID-3184.png,COVID
Normal-5959.png,Normal
COVID-283.png,COVID
Normal-3303.png,Normal
Normal-5683.png,Normal
Normal-5183.png,Normal
Normal-5591.png,Normal
Normal-10105.png,Normal
Normal-5569.png,Normal
Normal-2370.png,Normal
Normal-7641.png,Normal
COVID-3460.png,COVID
COVID-3496.png,COVID
Normal-2558.png,Normal
Normal-9281.png,Normal
Normal-7315.png,Normal
Normal-5311.png,Normal
Normal-7915.png,Normal
Normal-3980.png,Normal
COVID-1639.png,COVID
Normal-2913.png,Normal
Normal-7942.png,Normal
Normal-3210.png,Normal
COVID-1176.png,COVID
Normal-7803.png,Normal
COVID-404.png,COVID
Normal-9576.png,Normal
Normal-10052.png,Normal
COVID-2068.png,COVID
COVID-3517.png,COVID
Normal-3260.png,Normal
COVID-2186.png,COVID
Normal-8950.png,Normal
Normal-6351.png,Normal
Normal-10070.png,Normal
COVID-1356.png,COVID
COVID-3343.png,COVID
COVID-911.png,COVID
Normal-8791.png,Normal
Normal-6293.png,Normal
Normal-8204.png,Normal
Normal-8274.png,Normal
Normal-3159.png,Normal
Normal-77.png,Normal
Viral Pneumonia-691.png,Viral Pneumonia
Normal-796.png,Normal
COVID-156.png,COVID
COVID-1763.png,COVID
Normal-10164.png,Normal
Normal-5110.png,Normal
Normal-1495.png,Normal
Normal-3149.png,Normal
COVID-1935.png,COVID
COVID-3113.png,COVID
Normal-472.png,Normal
COVID-1780.png,COVID
Normal-8506.png,Normal
Normal-5328.png,Normal
Normal-3077.png,Normal
COVID-3554.png,COVID
Normal-2283.png,Normal
Normal-85.png,Normal
Normal-4954.png,Normal
COVID-2217.png,COVID
COVID-3189.png,COVID
Normal-4957.png,Normal
Normal-298.png,Normal
Normal-1532.png,Normal
Normal-10047.png,Normal
Normal-393.png,Normal
Normal-6698.png,Normal
Normal-843.png,Normal
Normal-5961.png,Normal
Normal-3169.png,Normal
COVID-79.png,COVID
Normal-9176.png,Normal
Normal-1087.png,Normal
Normal-8258.png,Normal
Normal-2954.png,Normal
Normal-3218.png,Normal
Normal-7404.png,Normal
Normal-2762.png,Normal
Normal-5524.png,Normal
COVID-3296.png,COVID
COVID-968.png,COVID
Viral Pneumonia-1320.png,Viral Pneumonia
Normal-5542.png,Normal
Normal-3711.png,Normal
Normal-3426.png,Normal
Normal-4401.png,Normal
Normal-4645.png,Normal
COVID-897.png,COVID
Normal-1144.png,Normal
Normal-4371.png,Normal
Normal-5171.png,Normal
Normal-6235.png,Normal
Normal-5691.png,Normal
COVID-2921.png,COVID
Normal-7079.png,Normal
Normal-832.png,Normal
COVID-3431.png,COVID
COVID-1344.png,COVID
COVID-3279.png,COVID
Viral Pneumonia-325.png,Viral Pneumonia
Normal-1524.png,Normal
Normal-2070.png,Normal
COVID-1822.png,COVID
COVID-136.png,COVID
COVID-129.png,COVID
Normal-5578.png,Normal
Viral Pneumonia-372.png,Viral Pneumonia
COVID-1940.png,COVID
Normal-6188.png,Normal
Normal-3939.png,Normal
Normal-9309.png,Normal
Normal-3309.png,Normal
Normal-4673.png,Normal
Viral Pneumonia-122.png,Viral Pneumonia
COVID-2455.png,COVID
Normal-8322.png,Normal
Normal-2743.png,Normal
COVID-2330.png,COVID
Normal-3227.png,Normal
Normal-2217.png,Normal
Normal-1372.png,Normal
COVID-2198.png,COVID
COVID-2094.png,COVID
Viral Pneumonia-912.png,Viral Pneumonia
Normal-2185.png,Normal
Normal-7573.png,Normal
Viral Pneumonia-1335.png,Viral Pneumonia
COVID-3284.png,COVID
Normal-4958.png,Normal
Viral Pneumonia-123.png,Viral Pneumonia
COVID-386.png,COVID
Normal-8298.png,Normal
Viral Pneumonia-1324.png,Viral Pneumonia
Normal-8963.png,Normal
Normal-8879.png,Normal
COVID-1101.png,COVID
Normal-3751.png,Normal
COVID-1995.png,COVID
Normal-4680.png,Normal
Normal-8968.png,Normal
Normal-8682.png,Normal
Normal-3288.png,Normal
Normal-4208.png,Normal
Normal-7658.png,Normal
Normal-8159.png,Normal
Normal-8112.png,Normal
Normal-5175.png,Normal
Normal-581.png,Normal
COVID-2317.png,COVID
Normal-531.png,Normal
Viral Pneumonia-356.png,Viral Pneumonia
Normal-1828.png,Normal
COVID-669.png,COVID
COVID-3010.png,COVID
Normal-5871.png,Normal
Normal-10036.png,Normal
Normal-2908.png,Normal
Normal-1892.png,Normal
Viral Pneumonia-521.png,Viral Pneumonia
Normal-2339.png,Normal
Normal-8991.png,Normal
COVID-945.png,COVID
Normal-8606.png,Normal
Viral Pneumonia-170.png,Viral Pneumonia
COVID-455.png,COVID
COVID-2042.png,COVID
Normal-7713.png,Normal
Normal-6525.png,Normal
Normal-9998.png,Normal
Normal-5714.png,Normal
Normal-4570.png,Normal
COVID-453.png,COVID
Normal-1762.png,Normal
Normal-4649.png,Normal
Normal-3898.png,Normal
Normal-8272.png,Normal
Normal-5926.png,Normal
Normal-7498.png,Normal
Viral Pneumonia-1176.png,Viral Pneumonia
Normal-2869.png,Normal
COVID-3390.png,COVID
Normal-4944.png,Normal
Normal-8437.png,Normal
Normal-5942.png,Normal
Normal-1672.png,Normal
Normal-6088.png,Normal
Normal-4642.png,Normal
COVID-1538.png,COVID
Normal-7584.png,Normal
Normal-9519.png,Normal
Normal-8454.png,Normal
Normal-7844.png,Normal
Normal-7092.png,Normal
Normal-9049.png,Normal
Normal-5019.png,Normal
Normal-3420.png,Normal
Normal-7336.png,Normal
Normal-4965.png,Normal
Normal-2663.png,Normal
Normal-5343.png,Normal
Normal-1916.png,Normal
COVID-1153.png,COVID
Normal-6130.png,Normal
Viral Pneumonia-1256.png,Viral Pneumonia
COVID-2159.png,COVID
Normal-7436.png,Normal
Normal-3349.png,Normal
COVID-339.png,COVID
Viral Pneumonia-9.png,Viral Pneumonia
Normal-3524.png,Normal
Normal-4874.png,Normal
COVID-2610.png,COVID
COVID-44.png,COVID
Normal-2277.png,Normal
Normal-2023.png,Normal
COVID-3040.png,COVID
Normal-3327.png,Normal
Normal-886.png,Normal
Normal-173.png,Normal
Normal-7771.png,Normal
COVID-723.png,COVID
Viral Pneumonia-851.png,Viral Pneumonia
Normal-7277.png,Normal
Normal-4228.png,Normal
Normal-8591.png,Normal
Normal-9862.png,Normal
COVID-1905.png,COVID
Normal-736.png,Normal
Normal-6787.png,Normal
Normal-7897.png,Normal
Viral Pneumonia-536.png,Viral Pneumonia
Normal-6600.png,Normal
Normal-4587.png,Normal
Normal-1093.png,Normal
Normal-8412.png,Normal
Normal-8854.png,Normal
Normal-3364.png,Normal
COVID-1000.png,COVID
Normal-7615.png,Normal
Normal-5801.png,Normal
Normal-3146.png,Normal
Normal-7088.png,Normal
Normal-5776.png,Normal
Normal-3318.png,Normal
Normal-4471.png,Normal
Normal-6147.png,Normal
Normal-6400.png,Normal
Normal-3952.png,Normal
Normal-4709.png,Normal
Normal-1850.png,Normal
Normal-7644.png,Normal
Normal-3831.png,Normal
Viral Pneumonia-441.png,Viral Pneumonia
Normal-4646.png,Normal
Normal-145.png,Normal
Normal-524.png,Normal
Normal-354.png,Normal
Normal-4991.png,Normal
COVID-1006.png,COVID
Normal-8397.png,Normal
Normal-1110.png,Normal
COVID-2387.png,COVID
Normal-2224.png,Normal
Normal-892.png,Normal
COVID-2792.png,COVID
Normal-3147.png,Normal
COVID-1039.png,COVID
Normal-1709.png,Normal
Normal-9495.png,Normal
Normal-9022.png,Normal
Normal-7646.png,Normal
COVID-312.png,COVID
Viral Pneumonia-1148.png,Viral Pneumonia
Normal-6767.png,Normal
Normal-5340.png,Normal
COVID-2199.png,COVID
COVID-1967.png,COVID
Normal-7978.png,Normal
Normal-2291.png,Normal
Normal-7789.png,Normal
COVID-2189.png,COVID
Normal-2713.png,Normal
COVID-3121.png,COVID
Normal-5975.png,Normal
Normal-7155.png,Normal
COVID-1306.png,COVID
Normal-4237.png,Normal
COVID-1972.png,COVID
COVID-1631.png,COVID
COVID-592.png,COVID
Viral Pneumonia-67.png,Viral Pneumonia
Normal-8973.png,Normal
Normal-6377.png,Normal
Normal-10064.png,Normal
Normal-9941.png,Normal
Normal-4239.png,Normal
COVID-2147.png,COVID
COVID-1615.png,COVID
Normal-1615.png,Normal
Normal-3236.png,Normal
Normal-5221.png,Normal
COVID-1695.png,COVID
Normal-1856.png,Normal
COVID-2629.png,COVID
Viral Pneumonia-338.png,Viral Pneumonia
Normal-4159.png,Normal
Normal-7773.png,Normal
Normal-5384.png,Normal
Normal-2641.png,Normal
Normal-388.png,Normal
Normal-1825.png,Normal
Normal-1501.png,Normal
COVID-2896.png,COVID
Normal-706.png,Normal
Normal-2610.png,Normal
COVID-1890.png,COVID
Normal-6874.png,Normal
COVID-605.png,COVID
COVID-2156.png,COVID
COVID-1369.png,COVID
Normal-5904.png,Normal
Normal-5046.png,Normal
Normal-2795.png,Normal
Normal-569.png,Normal
Normal-2699.png,Normal
Normal-9170.png,Normal
Normal-4141.png,Normal
Normal-608.png,Normal
Normal-9011.png,Normal
Normal-3628.png,Normal
Normal-1549.png,Normal
Viral Pneumonia-494.png,Viral Pneumonia
COVID-70.png,COVID
Normal-5687.png,Normal
Normal-2949.png,Normal
Viral Pneumonia-689.png,Viral Pneumonia
Normal-1154.png,Normal
Normal-7076.png,Normal
Normal-5099.png,Normal
Normal-6021.png,Normal
Normal-5316.png,Normal
Normal-4254.png,Normal
Normal-3092.png,Normal
COVID-645.png,COVID
Normal-1227.png,Normal
Normal-4323.png,Normal
Normal-5811.png,Normal
Normal-6217.png,Normal
Normal-9240.png,Normal
COVID-1041.png,COVID
Normal-9707.png,Normal
Normal-7628.png,Normal
Normal-4830.png,Normal
Normal-6786.png,Normal
Normal-4530.png,Normal
Viral Pneumonia-143.png,Viral Pneumonia
Normal-1267.png,Normal
Viral Pneumonia-1008.png,Viral Pneumonia
Normal-1469.png,Normal
COVID-1973.png,COVID
Viral Pneumonia-76.png,Viral Pneumonia
COVID-190.png,COVID
Normal-2644.png,Normal
Normal-2296.png,Normal
Normal-103.png,Normal
COVID-2353.png,COVID
Normal-4220.png,Normal
Normal-1817.png,Normal
COVID-73.png,COVID
Normal-67.png,Normal
Normal-861.png,Normal
Normal-9993.png,Normal
Normal-9105.png,Normal
Normal-451.png,Normal
Normal-4961.png,Normal
Normal-5217.png,Normal
Normal-855.png,Normal
Normal-7727.png,Normal
Viral Pneumonia-620.png,Viral Pneumonia
Normal-4597.png,Normal
Normal-4047.png,Normal
Normal-7413.png,Normal
Viral Pneumonia-569.png,Viral Pneumonia
Normal-4475.png,Normal
Normal-275.png,Normal
Normal-9846.png,Normal
Normal-6231.png,Normal
Normal-2706.png,Normal
Normal-8891.png,Normal
COVID-1129.png,COVID
COVID-3038.png,COVID
COVID-2144.png,COVID
COVID-89.png,COVID
Normal-1394.png,Normal
COVID-2867.png,COVID
Normal-7863.png,Normal
Normal-4860.png,Normal
Normal-623.png,Normal
Normal-6366.png,Normal
Normal-1680.png,Normal
COVID-3407.png,COVID
COVID-2116.png,COVID
Normal-924.png,Normal
Normal-4075.png,Normal
Viral Pneumonia-651.png,Viral Pneumonia
Normal-2521.png,Normal
Normal-2754.png,Normal
COVID-3005.png,COVID
Normal-246.png,Normal
Normal-3823.png,Normal
Normal-5184.png,Normal
Normal-169.png,Normal
Normal-9620.png,Normal
Normal-1236.png,Normal
Normal-6163.png,Normal
COVID-2106.png,COVID
Normal-5464.png,Normal
Normal-8990.png,Normal
Normal-4897.png,Normal
Normal-1558.png,Normal
Normal-10027.png,Normal
COVID-1720.png,COVID
Normal-9004.png,Normal
Normal-4190.png,Normal
Normal-6407.png,Normal
Normal-251.png,Normal
Normal-913.png,Normal
Normal-5023.png,Normal
Normal-556.png,Normal
COVID-852.png,COVID
COVID-2533.png,COVID
Normal-7847.png,Normal
Normal-5303.png,Normal
Normal-8621.png,Normal
COVID-447.png,COVID
Viral Pneumonia-763.png,Viral Pneumonia
Normal-4498.png,Normal
Normal-126.png,Normal
COVID-2628.png,COVID
Normal-4937.png,Normal
Normal-3263.png,Normal
Normal-4035.png,Normal
Viral Pneumonia-1111.png,Viral Pneumonia
Normal-176.png,Normal
Normal-9230.png,Normal
Normal-2037.png,Normal
COVID-1553.png,COVID
Normal-780.png,Normal
Normal-4585.png,Normal
Normal-1674.png,Normal
Normal-9757.png,Normal
Normal-6971.png,Normal
Normal-699.png,Normal
Normal-7555.png,Normal
Normal-2120.png,Normal
Normal-895.png,Normal
COVID-1019.png,COVID
Normal-2603.png,Normal
Normal-6059.png,Normal
COVID-276.png,COVID
COVID-2690.png,COVID
Normal-8292.png,Normal
COVID-2210.png,COVID
Normal-9946.png,Normal
Normal-7759.png,Normal
Normal-2232.png,Normal
Normal-2583.png,Normal
COVID-1467.png,COVID
COVID-522.png,COVID
COVID-840.png,COVID
Normal-121.png,Normal
Normal-2694.png,Normal
COVID-1363.png,COVID
Normal-9201.png,Normal
COVID-1645.png,COVID
COVID-1533.png,COVID
COVID-2109.png,COVID
Normal-5429.png,Normal
Viral Pneumonia-944.png,Viral Pneumonia
Normal-1084.png,Normal
Normal-7861.png,Normal
Normal-5790.png,Normal
COVID-3402.png,COVID
Normal-6095.png,Normal
Viral Pneumonia-89.png,Viral Pneumonia
COVID-2918.png,COVID
Normal-2794.png,Normal
Normal-5703.png,Normal
Normal-1467.png,Normal
Normal-5746.png,Normal
Normal-3311.png,Normal
Normal-3977.png,Normal
Normal-7961.png,Normal
Normal-9380.png,Normal
Normal-4943.png,Normal
Viral Pneumonia-1326.png,Viral Pneumonia
COVID-3514.png,COVID
Normal-2970.png,Normal
Normal-4224.png,Normal
Normal-3329.png,Normal
COVID-2418.png,COVID
Normal-6339.png,Normal
Normal-9608.png,Normal
COVID-2165.png,COVID
Normal-2134.png,Normal
Normal-6060.png,Normal
Normal-7107.png,Normal
Viral Pneumonia-1259.png,Viral Pneumonia
Normal-7061.png,Normal
Normal-639.png,Normal
COVID-998.png,COVID
Normal-2402.png,Normal
Normal-8813.png,Normal
Viral Pneumonia-934.png,Viral Pneumonia
Normal-1611.png,Normal
COVID-3219.png,COVID
COVID-1728.png,COVID
Normal-5424.png,Normal
Normal-757.png,Normal
COVID-1097.png,COVID
Normal-5977.png,Normal
COVID-658.png,COVID
Viral Pneumonia-592.png,Viral Pneumonia
Viral Pneumonia-552.png,Viral Pneumonia
Normal-1138.png,Normal
Normal-7715.png,Normal
COVID-1795.png,COVID
Normal-3421.png,Normal
COVID-838.png,COVID
Normal-476.png,Normal
COVID-2645.png,COVID
Normal-9446.png,Normal
Normal-6981.png,Normal
Normal-1436.png,Normal
Normal-8084.png,Normal
Normal-685.png,Normal
Viral Pneumonia-298.png,Viral Pneumonia
COVID-458.png,COVID
Normal-264.png,Normal
Normal-2680.png,Normal
Normal-9169.png,Normal
Normal-9300.png,Normal
COVID-1946.png,COVID
COVID-3488.png,COVID
COVID-2901.png,COVID
Normal-2648.png,Normal
COVID-452.png,COVID
Viral Pneumonia-44.png,Viral Pneumonia
Normal-358.png,Normal
Normal-1572.png,Normal
Normal-9034.png,Normal
COVID-1739.png,COVID
Normal-839.png,Normal
Normal-5149.png,Normal
Normal-1479.png,Normal
Normal-8371.png,Normal
Normal-3701.png,Normal
Normal-326.png,Normal
Normal-6285.png,Normal
Normal-6222.png,Normal
Normal-4147.png,Normal
Normal-7108.png,Normal
Normal-9825.png,Normal
Normal-7675.png,Normal
Normal-2216.png,Normal
Normal-4692.png,Normal
Viral Pneumonia-404.png,Viral Pneumonia
Normal-2329.png,Normal
COVID-2976.png,COVID
Normal-8534.png,Normal
COVID-376.png,COVID
Normal-9999.png,Normal
Normal-3410.png,Normal
Normal-6180.png,Normal
Normal-5791.png,Normal
Viral Pneumonia-256.png,Viral Pneumonia
Viral Pneumonia-341.png,Viral Pneumonia
Normal-8529.png,Normal
Normal-6128.png,Normal
Normal-10080.png,Normal
Normal-3664.png,Normal
COVID-2178.png,COVID
Normal-2825.png,Normal
COVID-2841.png,COVID
COVID-3092.png,COVID
Normal-9200.png,Normal
Viral Pneumonia-1066.png,Viral Pneumonia
Normal-8789.png,Normal
Normal-2285.png,Normal
COVID-3418.png,COVID
COVID-627.png,COVID
COVID-258.png,COVID
Normal-73.png,Normal
Normal-361.png,Normal
COVID-346.png,COVID
Normal-609.png,Normal
COVID-3015.png,COVID
Normal-5877.png,Normal
Normal-9769.png,Normal
COVID-1515.png,COVID
Normal-1313.png,Normal
Normal-6094.png,Normal
Normal-6352.png,Normal
Viral Pneumonia-537.png,Viral Pneumonia
Normal-5852.png,Normal
Normal-9891.png,Normal
Normal-5191.png,Normal
Normal-4347.png,Normal
Normal-4287.png,Normal
Normal-1819.png,Normal
Normal-9592.png,Normal
Normal-7379.png,Normal
COVID-2273.png,COVID
Normal-6303.png,Normal
COVID-117.png,COVID
Normal-6574.png,Normal
Viral Pneumonia-1248.png,Viral Pneumonia
COVID-1829.png,COVID
Normal-2780.png,Normal
Normal-2434.png,Normal
Normal-6464.png,Normal
Normal-1344.png,Normal
Normal-7328.png,Normal
COVID-1446.png,COVID
Normal-6614.png,Normal
Normal-5119.png,Normal
Normal-743.png,Normal
COVID-2403.png,COVID
COVID-2649.png,COVID
Normal-377.png,Normal
Normal-7647.png,Normal
Viral Pneumonia-323.png,Viral Pneumonia
Viral Pneumonia-285.png,Viral Pneumonia
Normal-1751.png,Normal
Normal-2802.png,Normal
Normal-1377.png,Normal
COVID-806.png,COVID
Normal-7986.png,Normal
Normal-6817.png,Normal
Normal-1218.png,Normal
COVID-1425.png,COVID
COVID-2084.png,COVID
Normal-7215.png,Normal
Normal-3165.png,Normal
Normal-8285.png,Normal
Normal-4858.png,Normal
COVID-2285.png,COVID
Normal-6856.png,Normal
Normal-4140.png,Normal
Normal-8611.png,Normal
Normal-834.png,Normal
Normal-7381.png,Normal
Normal-3160.png,Normal
Normal-2399.png,Normal
Normal-761.png,Normal
Normal-9263.png,Normal
Normal-450.png,Normal
Normal-871.png,Normal
Normal-6862.png,Normal
COVID-1235.png,COVID
Normal-9391.png,Normal
Normal-4747.png,Normal
Normal-8651.png,Normal
Viral Pneumonia-1030.png,Viral Pneumonia
Normal-3053.png,Normal
Normal-7640.png,Normal
Normal-6592.png,Normal
COVID-3549.png,COVID
Normal-3090.png,Normal
Normal-2040.png,Normal
Viral Pneumonia-237.png,Viral Pneumonia
Viral Pneumonia-509.png,Viral Pneumonia
COVID-2939.png,COVID
Normal-3798.png,Normal
Normal-4719.png,Normal
Normal-6969.png,Normal
Normal-2112.png,Normal
COVID-1478.png,COVID
COVID-3182.png,COVID
COVID-1137.png,COVID
Normal-4379.png,Normal
Normal-10058.png,Normal
Normal-598.png,Normal
Normal-1671.png,Normal
COVID-2032.png,COVID
Normal-7788.png,Normal
Normal-415.png,Normal
COVID-122.png,COVID
Normal-4662.png,Normal
Normal-10142.png,Normal
Normal-6458.png,Normal
Normal-8326.png,Normal
Normal-9409.png,Normal
COVID-2597.png,COVID
COVID-1107.png,COVID
Normal-8311.png,Normal
Normal-4318.png,Normal
Normal-2557.png,Normal
Normal-8574.png,Normal
COVID-722.png,COVID
Normal-7403.png,Normal
Normal-6980.png,Normal
COVID-1164.png,COVID
Normal-8730.png,Normal
Normal-793.png,Normal
Normal-5111.png,Normal
Normal-353.png,Normal
Normal-3028.png,Normal
Normal-9588.png,Normal
Normal-4854.png,Normal
Normal-1037.png,Normal
COVID-1796.png,COVID
Normal-4503.png,Normal
COVID-2804.png,COVID
Viral Pneumonia-1149.png,Viral Pneumonia
Normal-9756.png,Normal
COVID-2547.png,COVID
Normal-7121.png,Normal
Normal-5326.png,Normal
Normal-7778.png,Normal
COVID-1858.png,COVID
Normal-1026.png,Normal
Normal-8777.png,Normal
COVID-1476.png,COVID
Normal-2510.png,Normal
Normal-963.png,Normal
Normal-10074.png,Normal
Normal-7022.png,Normal
Normal-5058.png,Normal
Normal-3618.png,Normal
Normal-5518.png,Normal
Normal-3117.png,Normal
COVID-2509.png,COVID
COVID-2227.png,COVID
Normal-9095.png,Normal
COVID-2626.png,COVID
Normal-10160.png,Normal
Normal-7714.png,Normal
COVID-647.png,COVID
Viral Pneumonia-1281.png,Viral Pneumonia
Viral Pneumonia-231.png,Viral Pneumonia
Normal-6181.png,Normal
Normal-2816.png,Normal
Normal-7696.png,Normal
Normal-5785.png,Normal
Normal-2735.png,Normal
Normal-5409.png,Normal
COVID-3022.png,COVID
Normal-7951.png,Normal
Normal-2357.png,Normal
Normal-6342.png,Normal
COVID-33.png,COVID
Normal-5357.png,Normal
Normal-1297.png,Normal
Normal-4972.png,Normal
Normal-5072.png,Normal
COVID-2556.png,COVID
COVID-847.png,COVID
COVID-3315.png,COVID
COVID-1365.png,COVID
Normal-9331.png,Normal
Normal-5383.png,Normal
Normal-7505.png,Normal
Viral Pneumonia-606.png,Viral Pneumonia
Viral Pneumonia-282.png,Viral Pneumonia
COVID-1525.png,COVID
Normal-9459.png,Normal
Normal-2332.png,Normal
Normal-812.png,Normal
COVID-881.png,COVID
COVID-3019.png,COVID
Normal-5160.png,Normal
Normal-6535.png,Normal
Normal-8654.png,Normal
COVID-395.png,COVID
Normal-536.png,Normal
Normal-495.png,Normal
Normal-7578.png,Normal
Normal-8906.png,Normal
Normal-6699.png,Normal
Normal-4414.png,Normal
Normal-926.png,Normal
COVID-2232.png,COVID
Normal-5819.png,Normal
Normal-3333.png,Normal
Normal-3552.png,Normal
Normal-8361.png,Normal
COVID-1243.png,COVID
Normal-3269.png,Normal
Viral Pneumonia-24.png,Viral Pneumonia
COVID-2265.png,COVID
COVID-3160.png,COVID
Normal-6455.png,Normal
Normal-335.png,Normal
Normal-2647.png,Normal
Normal-2501.png,Normal
COVID-2484.png,COVID
Normal-668.png,Normal
Normal-1301.png,Normal
Normal-9089.png,Normal
Normal-3200.png,Normal
Normal-75.png,Normal
Normal-3892.png,Normal
COVID-1071.png,COVID
Normal-1548.png,Normal
Normal-5647.png,Normal
Normal-3185.png,Normal
Normal-2226.png,Normal
Normal-8095.png,Normal
Viral Pneumonia-495.png,Viral Pneumonia
Viral Pneumonia-410.png,Viral Pneumonia
Normal-5375.png,Normal
Normal-9886.png,Normal
Normal-9714.png,Normal
Viral Pneumonia-730.png,Viral Pneumonia
Normal-6019.png,Normal
Normal-5001.png,Normal
Viral Pneumonia-904.png,Viral Pneumonia
COVID-83.png,COVID
Normal-9043.png,Normal
Normal-7172.png,Normal
Normal-8539.png,Normal
Normal-98.png,Normal
Normal-4691.png,Normal
Normal-3916.png,Normal
Normal-7045.png,Normal
COVID-3326.png,COVID
Normal-1886.png,Normal
COVID-1612.png,COVID
COVID-563.png,COVID
Normal-4817.png,Normal
Normal-9310.png,Normal
Normal-6115.png,Normal
COVID-21.png,COVID
Normal-204.png,Normal
COVID-3006.png,COVID
COVID-3314.png,COVID
Normal-4206.png,Normal
Normal-6508.png,Normal
Normal-3677.png,Normal
Viral Pneumonia-1077.png,Viral Pneumonia
Normal-296.png,Normal
Viral Pneumonia-1016.png,Viral Pneumonia
COVID-2724.png,COVID
Normal-1369.png,Normal
Normal-3769.png,Normal
Normal-5040.png,Normal
Normal-2704.png,Normal
Normal-7464.png,Normal
Normal-8049.png,Normal
Normal-4181.png,Normal
Normal-542.png,Normal
Normal-9877.png,Normal
COVID-2104.png,COVID
Normal-8391.png,Normal
Normal-5337.png,Normal
Normal-8008.png,Normal
COVID-3399.png,COVID
Normal-9814.png,Normal
Normal-6283.png,Normal
Normal-2398.png,Normal
Normal-8297.png,Normal
Normal-9858.png,Normal
COVID-1561.png,COVID
Normal-8174.png,Normal
COVID-2423.png,COVID
Normal-6697.png,Normal
Normal-3418.png,Normal
Viral Pneumonia-371.png,Viral Pneumonia
COVID-1.png,COVID
Normal-7652.png,Normal
COVID-3075.png,COVID
Normal-7065.png,Normal
Normal-2850.png,Normal
Normal-9779.png,Normal
Viral Pneumonia-738.png,Viral Pneumonia
Normal-1770.png,Normal
COVID-1020.png,COVID
Normal-1698.png,Normal
COVID-750.png,COVID
Normal-6601.png,Normal
Viral Pneumonia-347.png,Viral Pneumonia
Normal-872.png,Normal
Normal-1945.png,Normal
COVID-2356.png,COVID
Normal-3063.png,Normal
Normal-6478.png,Normal
Normal-8296.png,Normal
Normal-7371.png,Normal
Normal-3991.png,Normal
Normal-6255.png,Normal
Viral Pneumonia-571.png,Viral Pneumonia
COVID-882.png,COVID
Normal-6589.png,Normal
Viral Pneumonia-813.png,Viral Pneumonia
Normal-9060.png,Normal
Normal-7444.png,Normal
COVID-1159.png,COVID
Normal-1966.png,Normal
Normal-6654.png,Normal
Viral Pneumonia-243.png,Viral Pneumonia
Normal-4063.png,Normal
Normal-2149.png,Normal
Normal-8200.png,Normal
Normal-5472.png,Normal
Normal-3253.png,Normal
Viral Pneumonia-401.png,Viral Pneumonia
Normal-3193.png,Normal
Viral Pneumonia-380.png,Viral Pneumonia
Normal-316.png,Normal
Normal-8498.png,Normal
Normal-7357.png,Normal
COVID-2664.png,COVID
Normal-8808.png,Normal
Normal-3022.png,Normal
COVID-3229.png,COVID
Normal-295.png,Normal
Normal-2590.png,Normal
COVID-205.png,COVID
Normal-2361.png,Normal
Normal-9257.png,Normal
COVID-1835.png,COVID
Normal-6105.png,Normal
Viral Pneumonia-17.png,Viral Pneumonia
Normal-2931.png,Normal
Normal-8688.png,Normal
Normal-6305.png,Normal
Normal-5827.png,Normal
COVID-1799.png,COVID
Normal-1107.png,Normal
Normal-2895.png,Normal
Normal-10095.png,Normal
Normal-8463.png,Normal
Normal-2009.png,Normal
COVID-1330.png,COVID
Normal-4998.png,Normal
Normal-214.png,Normal
Normal-9147.png,Normal
COVID-654.png,COVID
Normal-9440.png,Normal
Normal-2604.png,Normal
COVID-2737.png,COVID
Normal-7800.png,Normal
Viral Pneumonia-1309.png,Viral Pneumonia
Normal-6394.png,Normal
Viral Pneumonia-1114.png,Viral Pneumonia
Normal-3017.png,Normal
Normal-8009.png,Normal
COVID-3034.png,COVID
Normal-644.png,Normal
Normal-1969.png,Normal
COVID-748.png,COVID
Normal-1441.png,Normal
COVID-1317.png,COVID
Normal-6348.png,Normal
Normal-3238.png,Normal
Normal-4561.png,Normal
Normal-5094.png,Normal
COVID-1125.png,COVID
Normal-6815.png,Normal
Normal-3702.png,Normal
Normal-2746.png,Normal
Normal-1261.png,Normal
COVID-1374.png,COVID
Normal-7664.png,Normal
COVID-3542.png,COVID
COVID-197.png,COVID
COVID-3602.png,COVID
Normal-8597.png,Normal
COVID-2744.png,COVID
Normal-760.png,Normal
Normal-4377.png,Normal
Normal-5889.png,Normal
Normal-9232.png,Normal
COVID-631.png,COVID
Normal-4748.png,Normal
Normal-8793.png,Normal
Normal-8114.png,Normal
Normal-409.png,Normal
Normal-6078.png,Normal
COVID-2967.png,COVID
COVID-45.png,COVID
Viral Pneumonia-1269.png,Viral Pneumonia
Normal-4044.png,Normal
Normal-3220.png,Normal
Normal-9444.png,Normal
COVID-1693.png,COVID
Normal-9322.png,Normal
Normal-1942.png,Normal
Normal-679.png,Normal
Viral Pneumonia-350.png,Viral Pneumonia
Normal-8003.png,Normal
COVID-206.png,COVID
Normal-1264.png,Normal
COVID-1253.png,COVID
Normal-9291.png,Normal
Normal-931.png,Normal
Normal-10042.png,Normal
Normal-8734.png,Normal
Normal-3075.png,Normal
Normal-3806.png,Normal
COVID-3595.png,COVID
Normal-7764.png,Normal
Normal-5741.png,Normal
Normal-7552.png,Normal
Viral Pneumonia-1258.png,Viral Pneumonia
Normal-2566.png,Normal
Normal-1196.png,Normal
Normal-5732.png,Normal
COVID-3388.png,COVID
Normal-4565.png,Normal
Normal-6422.png,Normal
Normal-2198.png,Normal
Normal-2710.png,Normal
COVID-2205.png,COVID
